{
  "values": [
    {
      "nb": 464596,
      "hash": "00000000000000000150ee4775cd661cf63e80d21fd455898cdbb8b70504b98c",
      "time_utc": "2017-05-03T03:24:08Z",
      "import_time_utc": "2017-05-03T01:24:44Z",
      "nb_txs": 1976,
      "fee": "1.57571423",
      "size": "998230",
      "difficulty": 521974519553.63,
      "days_destroyed": 15795.42,
      "extras": null
    },
    {
      "nb": 464595,
      "hash": "0000000000000000003006fb97c9695e1b58e577d2021ca39bab17226ab52825",
      "time_utc": "2017-05-03T03:15:40Z",
      "import_time_utc": "2017-05-03T01:15:40Z",
      "nb_txs": 2685,
      "fee": "1.90528384",
      "size": "988099",
      "difficulty": 521974519553.63,
      "days_destroyed": 10415.65,
      "extras": null
    },
    {
      "nb": 464594,
      "hash": "000000000000000000020fe5e98fd311039ba3b0953fe6268b5a3a357de83067",
      "time_utc": "2017-05-03T02:57:14Z",
      "import_time_utc": "2017-05-03T00:58:14Z",
      "nb_txs": 2082,
      "fee": "1.71966839",
      "size": "999008",
      "difficulty": 521974519553.63,
      "days_destroyed": 155372.25,
      "extras": null
    },
    {
      "nb": 464593,
      "hash": "0000000000000000000f169723ac0cca7e12338b85ce8027993fffd086f53b52",
      "time_utc": "2017-05-03T02:43:09Z",
      "import_time_utc": "2017-05-03T00:43:58Z",
      "nb_txs": 2099,
      "fee": "1.58876937",
      "size": "999124",
      "difficulty": 521974519553.63,
      "days_destroyed": 69156.04,
      "extras": null
    },
    {
      "nb": 464592,
      "hash": "000000000000000000943776a3b7f2a109fc3be36ff1f063a5f3ed29e3bd800c",
      "time_utc": "2017-05-03T02:32:19Z",
      "import_time_utc": "2017-05-03T00:33:18Z",
      "nb_txs": 2463,
      "fee": "2.00909811",
      "size": "999084",
      "difficulty": 521974519553.63,
      "days_destroyed": 6130.04,
      "extras": null
    },
    {
      "nb": 464591,
      "hash": "0000000000000000007d90823b20fd05ea12572bf2052c37b5ca055c7b654fa2",
      "time_utc": "2017-05-03T02:08:38Z",
      "import_time_utc": "2017-05-03T00:09:40Z",
      "nb_txs": 2198,
      "fee": "1.14003686",
      "size": "999999",
      "difficulty": 521974519553.63,
      "days_destroyed": 4834.61,
      "extras": null
    },
    {
      "nb": 464590,
      "hash": "000000000000000000b52b851dd93c01eea7a43b5e677811e2fe791bd9982a56",
      "time_utc": "2017-05-03T02:06:15Z",
      "import_time_utc": "2017-05-03T00:06:53Z",
      "nb_txs": 1862,
      "fee": "1.50317859",
      "size": "998134",
      "difficulty": 521974519553.63,
      "days_destroyed": 146627.32,
      "extras": null
    },
    {
      "nb": 464589,
      "hash": "0000000000000000006456070fac8ebe7a15858bc13513ae5ce2f8562cf5f388",
      "time_utc": "2017-05-03T01:59:37Z",
      "import_time_utc": "2017-05-03T00:00:24Z",
      "nb_txs": 2167,
      "fee": "1.43979805",
      "size": "998187",
      "difficulty": 521974519553.63,
      "days_destroyed": 13114.06,
      "extras": null
    },
    {
      "nb": 464588,
      "hash": "0000000000000000001cf7ab10aeec1b4b593ddec1d480849289f2366d181dea",
      "time_utc": "2017-05-03T01:54:52Z",
      "import_time_utc": "2017-05-02T23:55:29Z",
      "nb_txs": 2610,
      "fee": "1.97379254",
      "size": "998215",
      "difficulty": 521974519553.63,
      "days_destroyed": 7552.26,
      "extras": null
    },
    {
      "nb": 464587,
      "hash": "000000000000000000959817a2a4423f123611a8454b4fe6f74182b6f5e5e55d",
      "time_utc": "2017-05-03T01:35:58Z",
      "import_time_utc": "2017-05-02T23:36:58Z",
      "nb_txs": 1453,
      "fee": "1.25218323",
      "size": "930540",
      "difficulty": 521974519553.63,
      "days_destroyed": 245887.74,
      "extras": null
    },
    {
      "nb": 464586,
      "hash": "000000000000000001d5d1827f811cb6553cf028116e68aade7c270108252ff3",
      "time_utc": "2017-05-03T01:32:09Z",
      "import_time_utc": "2017-05-02T23:33:14Z",
      "nb_txs": 2290,
      "fee": "1.62763133",
      "size": "997820",
      "difficulty": 521974519553.63,
      "days_destroyed": 7366.94,
      "extras": null
    },
    {
      "nb": 464585,
      "hash": "0000000000000000005f1ad5d82600a20ba0dc123406be0e2790e77a6c757dbf",
      "time_utc": "2017-05-03T01:29:54Z",
      "import_time_utc": "2017-05-02T23:30:40Z",
      "nb_txs": 2912,
      "fee": "2.07502279",
      "size": "998112",
      "difficulty": 521974519553.63,
      "days_destroyed": 3200.74,
      "extras": null
    },
    {
      "nb": 464584,
      "hash": "0000000000000000001ec2a1614e4a131e1d146257084a95307d6a033c5fd1cf",
      "time_utc": "2017-05-03T00:58:35Z",
      "import_time_utc": "2017-05-02T22:59:32Z",
      "nb_txs": 1959,
      "fee": "1.68931573",
      "size": "997973",
      "difficulty": 521974519553.63,
      "days_destroyed": 9899.42,
      "extras": null
    },
    {
      "nb": 464583,
      "hash": "00000000000000000212f7cf4bbe02acd0410521068cb0a91a3c9cb9dd74714e",
      "time_utc": "2017-05-03T00:51:41Z",
      "import_time_utc": "2017-05-02T22:52:30Z",
      "nb_txs": 2009,
      "fee": "1.73295357",
      "size": "997948",
      "difficulty": 521974519553.63,
      "days_destroyed": 111615.45,
      "extras": null
    },
    {
      "nb": 464582,
      "hash": "000000000000000000bb434abdfd5f51b2913746bf3b1326e0922217be21f982",
      "time_utc": "2017-05-03T00:40:58Z",
      "import_time_utc": "2017-05-02T22:42:08Z",
      "nb_txs": 1598,
      "fee": "1.38726583",
      "size": "998229",
      "difficulty": 521974519553.63,
      "days_destroyed": 9759.31,
      "extras": null
    },
    {
      "nb": 464581,
      "hash": "00000000000000000192a3b415f66237aea9afa288936d338f9785d37d982400",
      "time_utc": "2017-05-03T00:37:10Z",
      "import_time_utc": "2017-05-02T22:37:37Z",
      "nb_txs": 1708,
      "fee": "1.52240849",
      "size": "998150",
      "difficulty": 521974519553.63,
      "days_destroyed": 11070.6,
      "extras": null
    },
    {
      "nb": 464580,
      "hash": "00000000000000000147bae872f3f3139b0f1f5eaa3a27eb07da30c1cebca9e0",
      "time_utc": "2017-05-03T00:31:33Z",
      "import_time_utc": "2017-05-02T22:32:24Z",
      "nb_txs": 2597,
      "fee": "1.95423268",
      "size": "998183",
      "difficulty": 521974519553.63,
      "days_destroyed": 19232.55,
      "extras": null
    },
    {
      "nb": 464579,
      "hash": "0000000000000000008a6b9ece2b6938fe73653e71137c638bb6653b0112c034",
      "time_utc": "2017-05-03T00:12:53Z",
      "import_time_utc": "2017-05-02T22:13:29Z",
      "nb_txs": 1701,
      "fee": "1.59223156",
      "size": "998162",
      "difficulty": 521974519553.63,
      "days_destroyed": 15167.88,
      "extras": null
    },
    {
      "nb": 464578,
      "hash": "00000000000000000145ee655d4da67edcaa3fde3a96ef4da871136c11c116ed",
      "time_utc": "2017-05-03T00:10:44Z",
      "import_time_utc": "2017-05-02T22:11:48Z",
      "nb_txs": 2434,
      "fee": "2.47671535",
      "size": "998101",
      "difficulty": 521974519553.63,
      "days_destroyed": 28561.93,
      "extras": null
    },
    {
      "nb": 464577,
      "hash": "00000000000000000051f19800b396c679e9eaee45ddd64aff28509c8eaedb64",
      "time_utc": "2017-05-02T23:47:37Z",
      "import_time_utc": "2017-05-02T21:49:04Z",
      "nb_txs": 1060,
      "fee": "1.30602603",
      "size": "997975",
      "difficulty": 521974519553.63,
      "days_destroyed": 8046.96,
      "extras": null
    },
    {
      "nb": 464576,
      "hash": "0000000000000000006c0468b9b28c66a4373c8b377d4435da0b86c7feade064",
      "time_utc": "2017-05-02T23:46:20Z",
      "import_time_utc": "2017-05-02T21:47:07Z",
      "nb_txs": 1554,
      "fee": "1.94431173",
      "size": "998090",
      "difficulty": 521974519553.63,
      "days_destroyed": 35975.16,
      "extras": null
    },
    {
      "nb": 464575,
      "hash": "0000000000000000004f68649e7d37c46c887a5e3f748bbfc2d3db9cb908b3a0",
      "time_utc": "2017-05-02T23:36:46Z",
      "import_time_utc": "2017-05-02T21:37:20Z",
      "nb_txs": 2840,
      "fee": "1.60125120",
      "size": "998263",
      "difficulty": 521974519553.63,
      "days_destroyed": 5578.07,
      "extras": null
    },
    {
      "nb": 464574,
      "hash": "000000000000000000be6f0d20af617f294b8956054f673b8236ef6cbfbca83f",
      "time_utc": "2017-05-02T23:29:52Z",
      "import_time_utc": "2017-05-02T21:30:21Z",
      "nb_txs": 2314,
      "fee": "1.25022193",
      "size": "998123",
      "difficulty": 521974519553.63,
      "days_destroyed": 6803.64,
      "extras": null
    },
    {
      "nb": 464573,
      "hash": "00000000000000000099619ab5b8b83d00586b04fe94fb682dad4356cac81bc3",
      "time_utc": "2017-05-02T23:25:07Z",
      "import_time_utc": "2017-05-02T21:26:38Z",
      "nb_txs": 2485,
      "fee": "1.77513712",
      "size": "998232",
      "difficulty": 521974519553.63,
      "days_destroyed": 66757.53,
      "extras": null
    },
    {
      "nb": 464572,
      "hash": "0000000000000000011279306e5b15b10aa12fd365bcac0f1dda24519515506f",
      "time_utc": "2017-05-02T23:12:00Z",
      "import_time_utc": "2017-05-02T21:12:41Z",
      "nb_txs": 1908,
      "fee": "1.57219694",
      "size": "998084",
      "difficulty": 521974519553.63,
      "days_destroyed": 6868.12,
      "extras": null
    },
    {
      "nb": 464571,
      "hash": "00000000000000000011a4af84620d2f59a58e4111337531d4672771b4d15630",
      "time_utc": "2017-05-02T23:07:34Z",
      "import_time_utc": "2017-05-02T21:08:42Z",
      "nb_txs": 2322,
      "fee": "2.37585576",
      "size": "999074",
      "difficulty": 521974519553.63,
      "days_destroyed": 143855.29,
      "extras": null
    },
    {
      "nb": 464570,
      "hash": "0000000000000000018df1d6acca67a899f274823d39795f038220ada728524f",
      "time_utc": "2017-05-02T22:47:57Z",
      "import_time_utc": "2017-05-02T20:48:49Z",
      "nb_txs": 1473,
      "fee": "1.47028570",
      "size": "999132",
      "difficulty": 521974519553.63,
      "days_destroyed": 59042.87,
      "extras": null
    },
    {
      "nb": 464569,
      "hash": "000000000000000000fb34486812312431a62ccf77fcbd3cfea53301ac3a0189",
      "time_utc": "2017-05-02T22:45:33Z",
      "import_time_utc": "2017-05-02T20:46:08Z",
      "nb_txs": 2322,
      "fee": "1.92060948",
      "size": "998115",
      "difficulty": 521974519553.63,
      "days_destroyed": 54368.7,
      "extras": null
    },
    {
      "nb": 464568,
      "hash": "0000000000000000002b2dae4c53f9633785c42880cf7034d8b5b2fe249b77d9",
      "time_utc": "2017-05-02T22:37:37Z",
      "import_time_utc": "2017-05-02T20:38:54Z",
      "nb_txs": 2861,
      "fee": "2.34444258",
      "size": "998172",
      "difficulty": 521974519553.63,
      "days_destroyed": 44792.82,
      "extras": null
    },
    {
      "nb": 464567,
      "hash": "00000000000000000063904fc6f3d887f1b18418328e9661f031fedab3adc323",
      "time_utc": "2017-05-02T22:18:01Z",
      "import_time_utc": "2017-05-02T20:18:10Z",
      "nb_txs": 2260,
      "fee": "1.66245998",
      "size": "998057",
      "difficulty": 521974519553.63,
      "days_destroyed": 38592.66,
      "extras": null
    },
    {
      "nb": 464566,
      "hash": "000000000000000001f40ad267ebf9301cd8e0ad94913289a8236ff7a53a9c1e",
      "time_utc": "2017-05-02T22:11:21Z",
      "import_time_utc": "2017-05-02T20:12:07Z",
      "nb_txs": 2928,
      "fee": "1.93736882",
      "size": "999951",
      "difficulty": 521974519553.63,
      "days_destroyed": 43411.85,
      "extras": null
    },
    {
      "nb": 464565,
      "hash": "000000000000000001c67704cdff1a6fb40ae5483a985c941cb203f24d344bd5",
      "time_utc": "2017-05-02T22:10:06Z",
      "import_time_utc": "2017-05-02T20:10:48Z",
      "nb_txs": 3099,
      "fee": "3.12305922",
      "size": "998132",
      "difficulty": 521974519553.63,
      "days_destroyed": 26570.64,
      "extras": null
    },
    {
      "nb": 464564,
      "hash": "00000000000000000152a2669376b0b41714817c3506f4c2b3122ed2c44ab156",
      "time_utc": "2017-05-02T21:34:46Z",
      "import_time_utc": "2017-05-02T19:35:39Z",
      "nb_txs": 1967,
      "fee": "1.50721150",
      "size": "999113",
      "difficulty": 521974519553.63,
      "days_destroyed": 67420.52,
      "extras": null
    },
    {
      "nb": 464563,
      "hash": "000000000000000000c25e9f1893bf0caedce366883fa511768daa929a88239b",
      "time_utc": "2017-05-02T21:30:55Z",
      "import_time_utc": "2017-05-02T19:31:33Z",
      "nb_txs": 1703,
      "fee": "2.90850046",
      "size": "998127",
      "difficulty": 521974519553.63,
      "days_destroyed": 11750.02,
      "extras": null
    },
    {
      "nb": 464562,
      "hash": "00000000000000000085bd56990c579a36bade6ea427646612f13476edb30ceb",
      "time_utc": "2017-05-02T21:22:29Z",
      "import_time_utc": "2017-05-02T19:23:13Z",
      "nb_txs": 3227,
      "fee": "2.14407494",
      "size": "999069",
      "difficulty": 521974519553.63,
      "days_destroyed": 31906.37,
      "extras": null
    },
    {
      "nb": 464561,
      "hash": "000000000000000001aa46178c3ac9d2f244c2107b771251b17ede668a92c092",
      "time_utc": "2017-05-02T21:03:15Z",
      "import_time_utc": "2017-05-02T19:03:57Z",
      "nb_txs": 1,
      "fee": "0.00000000",
      "size": "259",
      "difficulty": 521974519553.63,
      "days_destroyed": 0,
      "extras": null
    },
    {
      "nb": 464560,
      "hash": "00000000000000000015e27cbc1e1874d0255e58951f44429bdd1dd9b199052c",
      "time_utc": "2017-05-02T21:03:04Z",
      "import_time_utc": "2017-05-02T19:03:46Z",
      "nb_txs": 2540,
      "fee": "2.51128412",
      "size": "999889",
      "difficulty": 521974519553.63,
      "days_destroyed": 43731.09,
      "extras": null
    },
    {
      "nb": 464559,
      "hash": "000000000000000001517a0bac70b8cd6f27ee1b50a8f12bf606ea6fb6d561cd",
      "time_utc": "2017-05-02T20:54:39Z",
      "import_time_utc": "2017-05-02T18:55:26Z",
      "nb_txs": 1768,
      "fee": "1.63041430",
      "size": "998260",
      "difficulty": 521974519553.63,
      "days_destroyed": 23807.04,
      "extras": null
    },
    {
      "nb": 464558,
      "hash": "0000000000000000002c1bffc621493647465b70942083109e19e5acdfc78dca",
      "time_utc": "2017-05-02T20:50:15Z",
      "import_time_utc": "2017-05-02T18:51:27Z",
      "nb_txs": 3325,
      "fee": "1.24918960",
      "size": "998223",
      "difficulty": 521974519553.63,
      "days_destroyed": 19994.47,
      "extras": null
    },
    {
      "nb": 464557,
      "hash": "00000000000000000200ec6d802f2349625bbba1b0dc3c8e3c0349c85ed8cee1",
      "time_utc": "2017-05-02T20:49:29Z",
      "import_time_utc": "2017-05-02T18:50:40Z",
      "nb_txs": 2159,
      "fee": "1.47027966",
      "size": "999135",
      "difficulty": 521974519553.63,
      "days_destroyed": 57017.25,
      "extras": null
    },
    {
      "nb": 464556,
      "hash": "000000000000000000aceda29a8e80dc0e0407b18e608c5c6ad1cf027d2b5871",
      "time_utc": "2017-05-02T20:47:46Z",
      "import_time_utc": "2017-05-02T18:48:33Z",
      "nb_txs": 3400,
      "fee": "3.18266916",
      "size": "998154",
      "difficulty": 521974519553.63,
      "days_destroyed": 16599.49,
      "extras": null
    },
    {
      "nb": 464555,
      "hash": "000000000000000000317283554f262f9abb669ff9908ab0ccebce4cde475113",
      "time_utc": "2017-05-02T20:31:23Z",
      "import_time_utc": "2017-05-02T18:32:04Z",
      "nb_txs": 2294,
      "fee": "1.33306095",
      "size": "998121",
      "difficulty": 521974519553.63,
      "days_destroyed": 13608.19,
      "extras": null
    },
    {
      "nb": 464554,
      "hash": "000000000000000001c675fd4b6acb14db1a8ac466c5525cdf9ef2221224fca8",
      "time_utc": "2017-05-02T20:29:48Z",
      "import_time_utc": "2017-05-02T18:30:50Z",
      "nb_txs": 2612,
      "fee": "1.88776874",
      "size": "998110",
      "difficulty": 521974519553.63,
      "days_destroyed": 16526.76,
      "extras": null
    },
    {
      "nb": 464553,
      "hash": "000000000000000001a45aac3291ff1fabcea409143a838b3bf3b406d7816f5d",
      "time_utc": "2017-05-02T20:18:19Z",
      "import_time_utc": "2017-05-02T18:19:18Z",
      "nb_txs": 1712,
      "fee": "1.34694787",
      "size": "998155",
      "difficulty": 521974519553.63,
      "days_destroyed": 54097.51,
      "extras": null
    },
    {
      "nb": 464552,
      "hash": "0000000000000000006194235b13fe0a64b1dc6af347788d882042ec33e70db4",
      "time_utc": "2017-05-02T20:17:26Z",
      "import_time_utc": "2017-05-02T18:18:46Z",
      "nb_txs": 2686,
      "fee": "2.49603057",
      "size": "998147",
      "difficulty": 521974519553.63,
      "days_destroyed": 15754.74,
      "extras": null
    },
    {
      "nb": 464551,
      "hash": "00000000000000000188b5ff90513356786e6757a4d2d97ebaebfdc7d60e1d55",
      "time_utc": "2017-05-02T20:03:32Z",
      "import_time_utc": "2017-05-02T18:04:08Z",
      "nb_txs": 980,
      "fee": "1.12908113",
      "size": "998247",
      "difficulty": 521974519553.63,
      "days_destroyed": 339345.17,
      "extras": null
    },
    {
      "nb": 464550,
      "hash": "00000000000000000073bce714e515c8289fdf0aa17b09defaaeff7520d46d53",
      "time_utc": "2017-05-02T20:01:47Z",
      "import_time_utc": "2017-05-02T18:02:30Z",
      "nb_txs": 1683,
      "fee": "1.61991265",
      "size": "998211",
      "difficulty": 521974519553.63,
      "days_destroyed": 29109.02,
      "extras": null
    },
    {
      "nb": 464549,
      "hash": "000000000000000000919802ba866fb6e133810199fd3119c305486b529c67d9",
      "time_utc": "2017-05-02T19:59:18Z",
      "import_time_utc": "2017-05-02T17:59:56Z",
      "nb_txs": 2874,
      "fee": "2.95302013",
      "size": "999884",
      "difficulty": 521974519553.63,
      "days_destroyed": 4975.15,
      "extras": null
    },
    {
      "nb": 464548,
      "hash": "00000000000000000156e30135d8e2609215bb3678be8a323d22c7be3e6f7280",
      "time_utc": "2017-05-02T19:43:50Z",
      "import_time_utc": "2017-05-02T17:44:41Z",
      "nb_txs": 2723,
      "fee": "2.03274857",
      "size": "999978",
      "difficulty": 521974519553.63,
      "days_destroyed": 14940.92,
      "extras": null
    },
    {
      "nb": 464547,
      "hash": "000000000000000001bd247c5448ed8e36ce4c83b76600c61cea3ea47c0ccda3",
      "time_utc": "2017-05-02T19:40:25Z",
      "import_time_utc": "2017-05-02T17:41:17Z",
      "nb_txs": 3278,
      "fee": "2.86160240",
      "size": "998303",
      "difficulty": 521974519553.63,
      "days_destroyed": 13399.5,
      "extras": null
    },
    {
      "nb": 464546,
      "hash": "0000000000000000001e2bea57b6aac1b9dbb37b6cbf2e3e0e53dbce12988dad",
      "time_utc": "2017-05-02T19:30:51Z",
      "import_time_utc": "2017-05-02T17:31:44Z",
      "nb_txs": 2930,
      "fee": "3.08574131",
      "size": "998215",
      "difficulty": 521974519553.63,
      "days_destroyed": 223791.86,
      "extras": null
    },
    {
      "nb": 464545,
      "hash": "000000000000000000dcdf70b53364249d9f981e7a1a89c3a766426ed2083f9a",
      "time_utc": "2017-05-02T19:07:45Z",
      "import_time_utc": "2017-05-02T17:08:21Z",
      "nb_txs": 2726,
      "fee": "2.13043167",
      "size": "998211",
      "difficulty": 521974519553.63,
      "days_destroyed": 31328.25,
      "extras": null
    },
    {
      "nb": 464544,
      "hash": "0000000000000000009fe548038adcbc20040116d19a9b984bb45810fdb33bd5",
      "time_utc": "2017-05-02T18:53:32Z",
      "import_time_utc": "2017-05-02T16:54:08Z",
      "nb_txs": 1309,
      "fee": "0.98656153",
      "size": "439136",
      "difficulty": 521974519553.63,
      "days_destroyed": 7777.73,
      "extras": null
    },
    {
      "nb": 464543,
      "hash": "000000000000000001fbe4428073703cf00293caa2d56408f72d709c5032b090",
      "time_utc": "2017-05-02T18:47:47Z",
      "import_time_utc": "2017-05-02T16:49:25Z",
      "nb_txs": 2641,
      "fee": "1.27066449",
      "size": "998205",
      "difficulty": 521974519553.63,
      "days_destroyed": 18960.5,
      "extras": null
    },
    {
      "nb": 464542,
      "hash": "00000000000000000009e016880f0402329201b06d4f43a847085d511b668769",
      "time_utc": "2017-05-02T18:46:34Z",
      "import_time_utc": "2017-05-02T16:47:20Z",
      "nb_txs": 2322,
      "fee": "1.78437203",
      "size": "998180",
      "difficulty": 521974519553.63,
      "days_destroyed": 248887.09,
      "extras": null
    },
    {
      "nb": 464541,
      "hash": "00000000000000000113c86ac0e90a3516f4745ef21f495604bed82e9ce7ac83",
      "time_utc": "2017-05-02T18:37:49Z",
      "import_time_utc": "2017-05-02T16:38:47Z",
      "nb_txs": 2672,
      "fee": "1.99798984",
      "size": "999134",
      "difficulty": 521974519553.63,
      "days_destroyed": 41542.17,
      "extras": null
    },
    {
      "nb": 464540,
      "hash": "000000000000000001fc425b3843667c7aa2acf84f8828933f2c79ccf313f837",
      "time_utc": "2017-05-02T18:24:43Z",
      "import_time_utc": "2017-05-02T16:25:37Z",
      "nb_txs": 2378,
      "fee": "1.90039425",
      "size": "998232",
      "difficulty": 521974519553.63,
      "days_destroyed": 162675.58,
      "extras": null
    },
    {
      "nb": 464539,
      "hash": "000000000000000000fd4e2a94e50a76658a19376b1a63fa4c346eae2c0768b3",
      "time_utc": "2017-05-02T18:14:47Z",
      "import_time_utc": "2017-05-02T16:15:59Z",
      "nb_txs": 1735,
      "fee": "1.30323493",
      "size": "999148",
      "difficulty": 521974519553.63,
      "days_destroyed": 201223.19,
      "extras": null
    },
    {
      "nb": 464538,
      "hash": "000000000000000001bdafa5174a4a0fdf12af089851ab157845c53d750ac11b",
      "time_utc": "2017-05-02T18:14:16Z",
      "import_time_utc": "2017-05-02T16:15:18Z",
      "nb_txs": 2853,
      "fee": "2.14329764",
      "size": "998136",
      "difficulty": 521974519553.63,
      "days_destroyed": 60022.61,
      "extras": null
    },
    {
      "nb": 464537,
      "hash": "0000000000000000008e3b45bbb27ce0f3232bd35666323e6ba40d0312ce33ab",
      "time_utc": "2017-05-02T18:01:02Z",
      "import_time_utc": "2017-05-02T16:01:37Z",
      "nb_txs": 2209,
      "fee": "1.73242248",
      "size": "998150",
      "difficulty": 521974519553.63,
      "days_destroyed": 20391.97,
      "extras": null
    },
    {
      "nb": 464536,
      "hash": "0000000000000000008691ffe35bf0e2a361a302254b7e462c0544c332bdab01",
      "time_utc": "2017-05-02T17:55:08Z",
      "import_time_utc": "2017-05-02T15:56:08Z",
      "nb_txs": 2481,
      "fee": "1.81792705",
      "size": "998240",
      "difficulty": 521974519553.63,
      "days_destroyed": 15263.03,
      "extras": null
    },
    {
      "nb": 464535,
      "hash": "000000000000000001f2792a7994fc85e57011673874c5f19a92d6acccff4988",
      "time_utc": "2017-05-02T17:46:47Z",
      "import_time_utc": "2017-05-02T15:47:40Z",
      "nb_txs": 1905,
      "fee": "1.46069570",
      "size": "998221",
      "difficulty": 521974519553.63,
      "days_destroyed": 12906.54,
      "extras": null
    },
    {
      "nb": 464534,
      "hash": "0000000000000000014d50cbb22f8fedb3adbbfd2c80f7ba29e2958e23e7f0d5",
      "time_utc": "2017-05-02T17:44:07Z",
      "import_time_utc": "2017-05-02T15:45:21Z",
      "nb_txs": 2254,
      "fee": "1.76397937",
      "size": "998172",
      "difficulty": 521974519553.63,
      "days_destroyed": 14622.07,
      "extras": null
    },
    {
      "nb": 464533,
      "hash": "000000000000000001ea9aed62e818194b0cc20885885a99c66d522604042a99",
      "time_utc": "2017-05-02T17:35:51Z",
      "import_time_utc": "2017-05-02T15:36:22Z",
      "nb_txs": 2590,
      "fee": "2.14267002",
      "size": "999955",
      "difficulty": 521974519553.63,
      "days_destroyed": 11397.71,
      "extras": null
    },
    {
      "nb": 464532,
      "hash": "0000000000000000002878da713c18c448d79b719f03cde3099dffbbd2fe8167",
      "time_utc": "2017-05-02T17:23:01Z",
      "import_time_utc": "2017-05-02T15:23:38Z",
      "nb_txs": 2333,
      "fee": "1.55863900",
      "size": "998106",
      "difficulty": 521974519553.63,
      "days_destroyed": 15041.36,
      "extras": null
    },
    {
      "nb": 464531,
      "hash": "0000000000000000001345d64a79f6773fde87b10f75e3887bc63e9f8e6ec6b3",
      "time_utc": "2017-05-02T17:20:06Z",
      "import_time_utc": "2017-05-02T15:20:39Z",
      "nb_txs": 2519,
      "fee": "2.04360580",
      "size": "998233",
      "difficulty": 521974519553.63,
      "days_destroyed": 19096.44,
      "extras": null
    },
    {
      "nb": 464530,
      "hash": "000000000000000001f8b4ced544891efaec01b83476aeaa3db7b733123dc192",
      "time_utc": "2017-05-02T17:06:23Z",
      "import_time_utc": "2017-05-02T15:07:32Z",
      "nb_txs": 2467,
      "fee": "1.92236660",
      "size": "999119",
      "difficulty": 521974519553.63,
      "days_destroyed": 142319.47,
      "extras": null
    },
    {
      "nb": 464529,
      "hash": "00000000000000000171e034a7d55051348fa04dde7be9575bb43395b86cc818",
      "time_utc": "2017-05-02T16:59:23Z",
      "import_time_utc": "2017-05-02T15:00:10Z",
      "nb_txs": 2707,
      "fee": "2.54704040",
      "size": "998090",
      "difficulty": 521974519553.63,
      "days_destroyed": 166184.19,
      "extras": null
    },
    {
      "nb": 464528,
      "hash": "00000000000000000006deb6101dfc17bdbe3227c62020f27bf04167d9b81f88",
      "time_utc": "2017-05-02T16:32:24Z",
      "import_time_utc": "2017-05-02T14:33:19Z",
      "nb_txs": 1949,
      "fee": "1.32134464",
      "size": "997917",
      "difficulty": 521974519553.63,
      "days_destroyed": 1342.78,
      "extras": null
    },
    {
      "nb": 464527,
      "hash": "00000000000000000000d45c33abdfa053ffddb018a2c311002979db12d91809",
      "time_utc": "2017-05-02T16:31:52Z",
      "import_time_utc": "2017-05-02T14:32:53Z",
      "nb_txs": 2619,
      "fee": "2.14814844",
      "size": "998217",
      "difficulty": 521974519553.63,
      "days_destroyed": 6331.77,
      "extras": null
    },
    {
      "nb": 464526,
      "hash": "0000000000000000002b5b80b9f14da742314e7f794fc2608a2d3e36f9047d30",
      "time_utc": "2017-05-02T16:17:06Z",
      "import_time_utc": "2017-05-02T14:17:34Z",
      "nb_txs": 1761,
      "fee": "1.43459433",
      "size": "998181",
      "difficulty": 521974519553.63,
      "days_destroyed": 1056.68,
      "extras": null
    },
    {
      "nb": 464525,
      "hash": "00000000000000000169819ac570176a0347afdaa7242be03ff1f9730429b949",
      "time_utc": "2017-05-02T16:15:53Z",
      "import_time_utc": "2017-05-02T14:16:23Z",
      "nb_txs": 1978,
      "fee": "2.10687301",
      "size": "998243",
      "difficulty": 521974519553.63,
      "days_destroyed": 13842.64,
      "extras": null
    },
    {
      "nb": 464524,
      "hash": "00000000000000000067acfdead3a246ede0bdb74920c9b2f500609a34215b5a",
      "time_utc": "2017-05-02T16:09:39Z",
      "import_time_utc": "2017-05-02T14:10:57Z",
      "nb_txs": 1035,
      "fee": "1.85184978",
      "size": "997985",
      "difficulty": 521974519553.63,
      "days_destroyed": 2717.28,
      "extras": null
    },
    {
      "nb": 464523,
      "hash": "000000000000000001ddd0d51f99c90f8c0e558fa61f4790a40e482beb58818c",
      "time_utc": "2017-05-02T16:06:37Z",
      "import_time_utc": "2017-05-02T14:07:18Z",
      "nb_txs": 1016,
      "fee": "1.47451703",
      "size": "999120",
      "difficulty": 521974519553.63,
      "days_destroyed": 6750.67,
      "extras": null
    },
    {
      "nb": 464522,
      "hash": "000000000000000000da4d238166c9ea35231a6e779fb768eb56c992d0319a5f",
      "time_utc": "2017-05-02T16:05:30Z",
      "import_time_utc": "2017-05-02T14:06:07Z",
      "nb_txs": 1941,
      "fee": "1.70896796",
      "size": "988118",
      "difficulty": 521974519553.63,
      "days_destroyed": 38940.79,
      "extras": null
    },
    {
      "nb": 464521,
      "hash": "000000000000000000175cf5eae9ed80a613a4f25c5449ae06db830d11839e8d",
      "time_utc": "2017-05-02T15:58:40Z",
      "import_time_utc": "2017-05-02T13:59:22Z",
      "nb_txs": 3045,
      "fee": "2.21712256",
      "size": "1000000",
      "difficulty": 521974519553.63,
      "days_destroyed": 79986.18,
      "extras": null
    },
    {
      "nb": 464520,
      "hash": "0000000000000000015a6b026052ca05f69e1c614b83fc9098dd0938e190f67d",
      "time_utc": "2017-05-02T15:37:17Z",
      "import_time_utc": "2017-05-02T13:38:01Z",
      "nb_txs": 2585,
      "fee": "2.10677680",
      "size": "999973",
      "difficulty": 521974519553.63,
      "days_destroyed": 132588.25,
      "extras": null
    },
    {
      "nb": 464519,
      "hash": "0000000000000000020b14e15f85b5a1a430267a0891ca402a33c0421496ad56",
      "time_utc": "2017-05-02T15:23:12Z",
      "import_time_utc": "2017-05-02T13:24:09Z",
      "nb_txs": 2392,
      "fee": "1.79153578",
      "size": "998188",
      "difficulty": 521974519553.63,
      "days_destroyed": 56143.55,
      "extras": null
    },
    {
      "nb": 464518,
      "hash": "0000000000000000006ec72ee186abe265b16c7273879c74ec608b157d8132d3",
      "time_utc": "2017-05-02T15:11:30Z",
      "import_time_utc": "2017-05-02T13:12:37Z",
      "nb_txs": 1734,
      "fee": "1.39531856",
      "size": "998976",
      "difficulty": 521974519553.63,
      "days_destroyed": 26155.07,
      "extras": null
    },
    {
      "nb": 464517,
      "hash": "000000000000000000c1dbb3ee88b85f33e3250adb543e19b7b3affc1675b46e",
      "time_utc": "2017-05-02T15:10:42Z",
      "import_time_utc": "2017-05-02T13:12:00Z",
      "nb_txs": 2774,
      "fee": "2.41351574",
      "size": "998239",
      "difficulty": 521974519553.63,
      "days_destroyed": 21437.75,
      "extras": null
    },
    {
      "nb": 464516,
      "hash": "00000000000000000218fda227d45a6527a384cd056ae2557c492c60fef68f73",
      "time_utc": "2017-05-02T14:46:11Z",
      "import_time_utc": "2017-05-02T12:46:55Z",
      "nb_txs": 1742,
      "fee": "1.36526376",
      "size": "999845",
      "difficulty": 521974519553.63,
      "days_destroyed": 12726.54,
      "extras": null
    },
    {
      "nb": 464515,
      "hash": "0000000000000000013db842a3ee1004725c7ab330cf732a27a8518a3056de45",
      "time_utc": "2017-05-02T14:41:32Z",
      "import_time_utc": "2017-05-02T12:42:09Z",
      "nb_txs": 992,
      "fee": "1.23431859",
      "size": "999101",
      "difficulty": 521974519553.63,
      "days_destroyed": 48540.32,
      "extras": null
    },
    {
      "nb": 464514,
      "hash": "00000000000000000018614d01bacb86e188eb087f8930239301085b0c1bd2d5",
      "time_utc": "2017-05-02T14:38:31Z",
      "import_time_utc": "2017-05-02T12:39:30Z",
      "nb_txs": 1479,
      "fee": "1.09157129",
      "size": "998834",
      "difficulty": 521974519553.63,
      "days_destroyed": 13125.22,
      "extras": null
    },
    {
      "nb": 464513,
      "hash": "000000000000000000a29f2a8ba9f61b45c1c29ae86efa63023b3a36f1a6b0ac",
      "time_utc": "2017-05-02T14:37:35Z",
      "import_time_utc": "2017-05-02T12:38:22Z",
      "nb_txs": 2777,
      "fee": "1.42589642",
      "size": "998249",
      "difficulty": 521974519553.63,
      "days_destroyed": 70879.34,
      "extras": null
    },
    {
      "nb": 464512,
      "hash": "0000000000000000007e1deb78ce68aba9265a598f1f4411f250d80c9da380fb",
      "time_utc": "2017-05-02T14:33:47Z",
      "import_time_utc": "2017-05-02T12:34:35Z",
      "nb_txs": 2045,
      "fee": "1.70635297",
      "size": "998180",
      "difficulty": 521974519553.63,
      "days_destroyed": 4400.42,
      "extras": null
    },
    {
      "nb": 464511,
      "hash": "000000000000000001bdeacf8690b4fa8777aed4db08df6a6a7e0fec1727f9fa",
      "time_utc": "2017-05-02T14:28:14Z",
      "import_time_utc": "2017-05-02T12:28:10Z",
      "nb_txs": 1755,
      "fee": "1.33198551",
      "size": "998173",
      "difficulty": 521974519553.63,
      "days_destroyed": 11203.85,
      "extras": null
    },
    {
      "nb": 464510,
      "hash": "000000000000000000e4849a44b5330279138e23546f8f25a7abec4b80ef5c05",
      "time_utc": "2017-05-02T14:25:12Z",
      "import_time_utc": "2017-05-02T12:26:02Z",
      "nb_txs": 1592,
      "fee": "1.61222106",
      "size": "997683",
      "difficulty": 521974519553.63,
      "days_destroyed": 8799.59,
      "extras": null
    },
    {
      "nb": 464509,
      "hash": "0000000000000000002963709ee46d98839ba652f7e82611262b6a065d3bf1ba",
      "time_utc": "2017-05-02T14:19:09Z",
      "import_time_utc": "2017-05-02T12:20:24Z",
      "nb_txs": 2467,
      "fee": "1.58791907",
      "size": "998703",
      "difficulty": 521974519553.63,
      "days_destroyed": 281897.54,
      "extras": null
    },
    {
      "nb": 464508,
      "hash": "00000000000000000178af6d54c37d34ab35c74528bcd8ed0e3acbeacb6c5b28",
      "time_utc": "2017-05-02T14:14:02Z",
      "import_time_utc": "2017-05-02T12:15:02Z",
      "nb_txs": 1976,
      "fee": "1.32080587",
      "size": "998156",
      "difficulty": 521974519553.63,
      "days_destroyed": 82956.61,
      "extras": null
    },
    {
      "nb": 464507,
      "hash": "000000000000000001086a1534d15ed0c1ac4549fe3d70a6be6da280544a8645",
      "time_utc": "2017-05-02T14:12:25Z",
      "import_time_utc": "2017-05-02T12:12:59Z",
      "nb_txs": 2121,
      "fee": "1.73515879",
      "size": "999970",
      "difficulty": 521974519553.63,
      "days_destroyed": 41059.02,
      "extras": null
    },
    {
      "nb": 464506,
      "hash": "00000000000000000196c4255f5681a3733618fc06be78aa5a0e6f680c2e3172",
      "time_utc": "2017-05-02T14:05:06Z",
      "import_time_utc": "2017-05-02T12:05:55Z",
      "nb_txs": 1533,
      "fee": "1.39404489",
      "size": "998060",
      "difficulty": 521974519553.63,
      "days_destroyed": 27981.55,
      "extras": null
    },
    {
      "nb": 464505,
      "hash": "0000000000000000009e78d6b1bae870728e2a4160a664d1ecaf93f2cdca0120",
      "time_utc": "2017-05-02T14:04:05Z",
      "import_time_utc": "2017-05-02T12:04:49Z",
      "nb_txs": 2323,
      "fee": "2.02830304",
      "size": "998189",
      "difficulty": 521974519553.63,
      "days_destroyed": 24536.28,
      "extras": null
    },
    {
      "nb": 464504,
      "hash": "000000000000000001402824084f0559f5385e9c3ab5812c9c4ec358bad2f81c",
      "time_utc": "2017-05-02T13:49:21Z",
      "import_time_utc": "2017-05-02T11:49:54Z",
      "nb_txs": 2120,
      "fee": "1.43725634",
      "size": "998126",
      "difficulty": 521974519553.63,
      "days_destroyed": 16354.9,
      "extras": null
    },
    {
      "nb": 464503,
      "hash": "000000000000000001d73bba97020a457a9d875bad8258fdf1bf8413f7e8ab3c",
      "time_utc": "2017-05-02T13:42:56Z",
      "import_time_utc": "2017-05-02T11:43:40Z",
      "nb_txs": 2213,
      "fee": "1.97246217",
      "size": "998073",
      "difficulty": 521974519553.63,
      "days_destroyed": 59822.28,
      "extras": null
    },
    {
      "nb": 464502,
      "hash": "000000000000000001601d7424c4d6794585b6250ae4ce0b4ff4ff318e06d33a",
      "time_utc": "2017-05-02T13:29:55Z",
      "import_time_utc": "2017-05-02T11:30:22Z",
      "nb_txs": 2300,
      "fee": "1.87618750",
      "size": "999971",
      "difficulty": 521974519553.63,
      "days_destroyed": 32349.32,
      "extras": null
    },
    {
      "nb": 464501,
      "hash": "00000000000000000194f4139cea6a686f228f4a3894b2d00ad7bca6c09fb1dd",
      "time_utc": "2017-05-02T13:21:10Z",
      "import_time_utc": "2017-05-02T11:22:00Z",
      "nb_txs": 2011,
      "fee": "2.02735018",
      "size": "999003",
      "difficulty": 521974519553.63,
      "days_destroyed": 235462.27,
      "extras": null
    },
    {
      "nb": 464500,
      "hash": "0000000000000000019773cc8d22326341d1ab8cce8286c5a53b6162a0bf8bfc",
      "time_utc": "2017-05-02T13:11:15Z",
      "import_time_utc": "2017-05-02T11:12:00Z",
      "nb_txs": 2617,
      "fee": "1.66713131",
      "size": "999013",
      "difficulty": 521974519553.63,
      "days_destroyed": 5993794.14,
      "extras": null
    },
    {
      "nb": 464499,
      "hash": "000000000000000001fc52a1224688114faf530879c02ecc0b1a567ecb107fb4",
      "time_utc": "2017-05-02T13:08:02Z",
      "import_time_utc": "2017-05-02T11:08:33Z",
      "nb_txs": 2814,
      "fee": "2.73345956",
      "size": "998197",
      "difficulty": 521974519553.63,
      "days_destroyed": 12595.06,
      "extras": null
    },
    {
      "nb": 464498,
      "hash": "0000000000000000016278ab057bdd74931770252b263fccf817dc539c7ee75f",
      "time_utc": "2017-05-02T12:17:24Z",
      "import_time_utc": "2017-05-02T10:17:53Z",
      "nb_txs": 2144,
      "fee": "1.58131713",
      "size": "999911",
      "difficulty": 521974519553.63,
      "days_destroyed": 17957.93,
      "extras": null
    },
    {
      "nb": 464497,
      "hash": "000000000000000001ff513423181fddd67518b676d004fcccd47811d08d8847",
      "time_utc": "2017-05-02T12:11:58Z",
      "import_time_utc": "2017-05-02T10:13:26Z",
      "nb_txs": 2291,
      "fee": "2.01675754",
      "size": "998256",
      "difficulty": 521974519553.63,
      "days_destroyed": 13152.44,
      "extras": null
    }
  ]
}