{
  "values": [
    {
      "x": 1230940800,
      "y": 0.0
    },
    {
      "x": 1231113600,
      "y": 0.0
    },
    {
      "x": 1231286400,
      "y": 0.0
    },
    {
      "x": 1231459200,
      "y": 0.0
    },
    {
      "x": 1231632000,
      "y": 0.0
    },
    {
      "x": 1231804800,
      "y": 0.0
    },
    {
      "x": 1231977600,
      "y": 0.0
    },
    {
      "x": 1232150400,
      "y": 0.0
    },
    {
      "x": 1232323200,
      "y": 0.0
    },
    {
      "x": 1232496000,
      "y": 0.0
    },
    {
      "x": 1232668800,
      "y": 0.0
    },
    {
      "x": 1232841600,
      "y": 0.0
    },
    {
      "x": 1233014400,
      "y": 0.0
    },
    {
      "x": 1233187200,
      "y": 0.0
    },
    {
      "x": 1233360000,
      "y": 0.0
    },
    {
      "x": 1233532800,
      "y": 0.0
    },
    {
      "x": 1233705600,
      "y": 0.0
    },
    {
      "x": 1233878400,
      "y": 0.0
    },
    {
      "x": 1234051200,
      "y": 0.0
    },
    {
      "x": 1234224000,
      "y": 0.0
    },
    {
      "x": 1234396800,
      "y": 0.0
    },
    {
      "x": 1234569600,
      "y": 0.0
    },
    {
      "x": 1234742400,
      "y": 0.0
    },
    {
      "x": 1234915200,
      "y": 0.0
    },
    {
      "x": 1235088000,
      "y": 0.0
    },
    {
      "x": 1235260800,
      "y": 0.0
    },
    {
      "x": 1235433600,
      "y": 0.0
    },
    {
      "x": 1235606400,
      "y": 0.0
    },
    {
      "x": 1235779200,
      "y": 0.0
    },
    {
      "x": 1235952000,
      "y": 0.0
    },
    {
      "x": 1236124800,
      "y": 0.0
    },
    {
      "x": 1236297600,
      "y": 0.0
    },
    {
      "x": 1236470400,
      "y": 0.0
    },
    {
      "x": 1236643200,
      "y": 0.0
    },
    {
      "x": 1236816000,
      "y": 0.0
    },
    {
      "x": 1236988800,
      "y": 0.0
    },
    {
      "x": 1237161600,
      "y": 0.0
    },
    {
      "x": 1237334400,
      "y": 0.0
    },
    {
      "x": 1237507200,
      "y": 0.0
    },
    {
      "x": 1237680000,
      "y": 0.0
    },
    {
      "x": 1237852800,
      "y": 0.0
    },
    {
      "x": 1238025600,
      "y": 0.0
    },
    {
      "x": 1238198400,
      "y": 0.0
    },
    {
      "x": 1238371200,
      "y": 0.0
    },
    {
      "x": 1238544000,
      "y": 0.0
    },
    {
      "x": 1238716800,
      "y": 0.0
    },
    {
      "x": 1238889600,
      "y": 0.0
    },
    {
      "x": 1239062400,
      "y": 0.0
    },
    {
      "x": 1239235200,
      "y": 0.0
    },
    {
      "x": 1239408000,
      "y": 0.0
    },
    {
      "x": 1239580800,
      "y": 0.0
    },
    {
      "x": 1239753600,
      "y": 0.0
    },
    {
      "x": 1239926400,
      "y": 0.0
    },
    {
      "x": 1240099200,
      "y": 0.0
    },
    {
      "x": 1240272000,
      "y": 0.0
    },
    {
      "x": 1240444800,
      "y": 0.0
    },
    {
      "x": 1240617600,
      "y": 0.0
    },
    {
      "x": 1240790400,
      "y": 0.0
    },
    {
      "x": 1240963200,
      "y": 0.0
    },
    {
      "x": 1241136000,
      "y": 0.0
    },
    {
      "x": 1241308800,
      "y": 0.0
    },
    {
      "x": 1241481600,
      "y": 0.0
    },
    {
      "x": 1241654400,
      "y": 0.0
    },
    {
      "x": 1241827200,
      "y": 0.0
    },
    {
      "x": 1242000000,
      "y": 0.0
    },
    {
      "x": 1242172800,
      "y": 0.0
    },
    {
      "x": 1242345600,
      "y": 0.0
    },
    {
      "x": 1242518400,
      "y": 0.0
    },
    {
      "x": 1242691200,
      "y": 0.0
    },
    {
      "x": 1242864000,
      "y": 0.0
    },
    {
      "x": 1243036800,
      "y": 0.0
    },
    {
      "x": 1243209600,
      "y": 0.0
    },
    {
      "x": 1243382400,
      "y": 0.0
    },
    {
      "x": 1243555200,
      "y": 0.0
    },
    {
      "x": 1243728000,
      "y": 0.0
    },
    {
      "x": 1243900800,
      "y": 0.0
    },
    {
      "x": 1244073600,
      "y": 0.0
    },
    {
      "x": 1244246400,
      "y": 0.0
    },
    {
      "x": 1244419200,
      "y": 0.0
    },
    {
      "x": 1244592000,
      "y": 0.0
    },
    {
      "x": 1244764800,
      "y": 0.0
    },
    {
      "x": 1244937600,
      "y": 0.0
    },
    {
      "x": 1245110400,
      "y": 0.0
    },
    {
      "x": 1245283200,
      "y": 0.0
    },
    {
      "x": 1245456000,
      "y": 0.0
    },
    {
      "x": 1245628800,
      "y": 0.0
    },
    {
      "x": 1245801600,
      "y": 0.0
    },
    {
      "x": 1245974400,
      "y": 0.0
    },
    {
      "x": 1246147200,
      "y": 0.0
    },
    {
      "x": 1246320000,
      "y": 0.0
    },
    {
      "x": 1246492800,
      "y": 0.0
    },
    {
      "x": 1246665600,
      "y": 0.0
    },
    {
      "x": 1246838400,
      "y": 0.0
    },
    {
      "x": 1247011200,
      "y": 0.0
    },
    {
      "x": 1247184000,
      "y": 0.0
    },
    {
      "x": 1247356800,
      "y": 0.0
    },
    {
      "x": 1247529600,
      "y": 0.0
    },
    {
      "x": 1247702400,
      "y": 0.0
    },
    {
      "x": 1247875200,
      "y": 0.0
    },
    {
      "x": 1248048000,
      "y": 0.0
    },
    {
      "x": 1248220800,
      "y": 0.0
    },
    {
      "x": 1248393600,
      "y": 0.0
    },
    {
      "x": 1248566400,
      "y": 0.0
    },
    {
      "x": 1248739200,
      "y": 0.0
    },
    {
      "x": 1248912000,
      "y": 0.0
    },
    {
      "x": 1249084800,
      "y": 0.0
    },
    {
      "x": 1249257600,
      "y": 0.0
    },
    {
      "x": 1249430400,
      "y": 0.0
    },
    {
      "x": 1249603200,
      "y": 0.0
    },
    {
      "x": 1249776000,
      "y": 0.0
    },
    {
      "x": 1249948800,
      "y": 0.0
    },
    {
      "x": 1250121600,
      "y": 0.0
    },
    {
      "x": 1250294400,
      "y": 0.0
    },
    {
      "x": 1250467200,
      "y": 0.0
    },
    {
      "x": 1250640000,
      "y": 0.0
    },
    {
      "x": 1250812800,
      "y": 0.0
    },
    {
      "x": 1250985600,
      "y": 0.0
    },
    {
      "x": 1251158400,
      "y": 0.0
    },
    {
      "x": 1251331200,
      "y": 0.0
    },
    {
      "x": 1251504000,
      "y": 0.0
    },
    {
      "x": 1251676800,
      "y": 0.0
    },
    {
      "x": 1251849600,
      "y": 0.0
    },
    {
      "x": 1252022400,
      "y": 0.0
    },
    {
      "x": 1252195200,
      "y": 0.0
    },
    {
      "x": 1252368000,
      "y": 0.0
    },
    {
      "x": 1252540800,
      "y": 0.0
    },
    {
      "x": 1252713600,
      "y": 0.0
    },
    {
      "x": 1252886400,
      "y": 0.0
    },
    {
      "x": 1253059200,
      "y": 0.0
    },
    {
      "x": 1253232000,
      "y": 0.0
    },
    {
      "x": 1253404800,
      "y": 0.0
    },
    {
      "x": 1253577600,
      "y": 0.0
    },
    {
      "x": 1253750400,
      "y": 0.0
    },
    {
      "x": 1253923200,
      "y": 0.0
    },
    {
      "x": 1254096000,
      "y": 0.0
    },
    {
      "x": 1254268800,
      "y": 0.0
    },
    {
      "x": 1254441600,
      "y": 0.0
    },
    {
      "x": 1254614400,
      "y": 0.0
    },
    {
      "x": 1254787200,
      "y": 0.0
    },
    {
      "x": 1254960000,
      "y": 0.0
    },
    {
      "x": 1255132800,
      "y": 0.0
    },
    {
      "x": 1255305600,
      "y": 0.0
    },
    {
      "x": 1255478400,
      "y": 0.0
    },
    {
      "x": 1255651200,
      "y": 0.0
    },
    {
      "x": 1255824000,
      "y": 0.0
    },
    {
      "x": 1255996800,
      "y": 0.0
    },
    {
      "x": 1256169600,
      "y": 0.0
    },
    {
      "x": 1256342400,
      "y": 0.0
    },
    {
      "x": 1256515200,
      "y": 0.0
    },
    {
      "x": 1256688000,
      "y": 0.0
    },
    {
      "x": 1256860800,
      "y": 0.0
    },
    {
      "x": 1257033600,
      "y": 0.0
    },
    {
      "x": 1257206400,
      "y": 0.0
    },
    {
      "x": 1257379200,
      "y": 0.0
    },
    {
      "x": 1257552000,
      "y": 0.0
    },
    {
      "x": 1257724800,
      "y": 0.0
    },
    {
      "x": 1257897600,
      "y": 0.0
    },
    {
      "x": 1258070400,
      "y": 0.0
    },
    {
      "x": 1258243200,
      "y": 0.0
    },
    {
      "x": 1258416000,
      "y": 0.0
    },
    {
      "x": 1258588800,
      "y": 0.0
    },
    {
      "x": 1258761600,
      "y": 0.0
    },
    {
      "x": 1258934400,
      "y": 0.0
    },
    {
      "x": 1259107200,
      "y": 0.0
    },
    {
      "x": 1259280000,
      "y": 0.0
    },
    {
      "x": 1259452800,
      "y": 0.0
    },
    {
      "x": 1259625600,
      "y": 0.0
    },
    {
      "x": 1259798400,
      "y": 0.0
    },
    {
      "x": 1259971200,
      "y": 0.0
    },
    {
      "x": 1260144000,
      "y": 0.0
    },
    {
      "x": 1260316800,
      "y": 0.0
    },
    {
      "x": 1260489600,
      "y": 0.0
    },
    {
      "x": 1260662400,
      "y": 0.0
    },
    {
      "x": 1260835200,
      "y": 0.0
    },
    {
      "x": 1261008000,
      "y": 0.0
    },
    {
      "x": 1261180800,
      "y": 0.0
    },
    {
      "x": 1261353600,
      "y": 0.0
    },
    {
      "x": 1261526400,
      "y": 0.0
    },
    {
      "x": 1261699200,
      "y": 0.0
    },
    {
      "x": 1261872000,
      "y": 0.0
    },
    {
      "x": 1262044800,
      "y": 0.0
    },
    {
      "x": 1262217600,
      "y": 0.0
    },
    {
      "x": 1262390400,
      "y": 0.0
    },
    {
      "x": 1262563200,
      "y": 0.0
    },
    {
      "x": 1262736000,
      "y": 0.0
    },
    {
      "x": 1262908800,
      "y": 0.0
    },
    {
      "x": 1263081600,
      "y": 0.0
    },
    {
      "x": 1263254400,
      "y": 0.0
    },
    {
      "x": 1263427200,
      "y": 0.0
    },
    {
      "x": 1263600000,
      "y": 0.0
    },
    {
      "x": 1263772800,
      "y": 0.0
    },
    {
      "x": 1263945600,
      "y": 0.0
    },
    {
      "x": 1264118400,
      "y": 0.0
    },
    {
      "x": 1264291200,
      "y": 0.0
    },
    {
      "x": 1264464000,
      "y": 0.0
    },
    {
      "x": 1264636800,
      "y": 0.0
    },
    {
      "x": 1264809600,
      "y": 0.0
    },
    {
      "x": 1264982400,
      "y": 0.0
    },
    {
      "x": 1265155200,
      "y": 0.0
    },
    {
      "x": 1265328000,
      "y": 0.0
    },
    {
      "x": 1265500800,
      "y": 0.0
    },
    {
      "x": 1265673600,
      "y": 0.0
    },
    {
      "x": 1265846400,
      "y": 0.0
    },
    {
      "x": 1266019200,
      "y": 0.0
    },
    {
      "x": 1266192000,
      "y": 0.0
    },
    {
      "x": 1266364800,
      "y": 0.0
    },
    {
      "x": 1266537600,
      "y": 0.0
    },
    {
      "x": 1266710400,
      "y": 0.0
    },
    {
      "x": 1266883200,
      "y": 0.0
    },
    {
      "x": 1267056000,
      "y": 0.0
    },
    {
      "x": 1267228800,
      "y": 0.0
    },
    {
      "x": 1267401600,
      "y": 0.0
    },
    {
      "x": 1267574400,
      "y": 0.0
    },
    {
      "x": 1267747200,
      "y": 0.0
    },
    {
      "x": 1267920000,
      "y": 0.0
    },
    {
      "x": 1268092800,
      "y": 0.0
    },
    {
      "x": 1268265600,
      "y": 0.0
    },
    {
      "x": 1268438400,
      "y": 0.0
    },
    {
      "x": 1268611200,
      "y": 0.0
    },
    {
      "x": 1268784000,
      "y": 0.0
    },
    {
      "x": 1268956800,
      "y": 0.0
    },
    {
      "x": 1269129600,
      "y": 0.0
    },
    {
      "x": 1269302400,
      "y": 0.0
    },
    {
      "x": 1269475200,
      "y": 0.0
    },
    {
      "x": 1269648000,
      "y": 0.0
    },
    {
      "x": 1269820800,
      "y": 0.0
    },
    {
      "x": 1269993600,
      "y": 0.0
    },
    {
      "x": 1270166400,
      "y": 0.0
    },
    {
      "x": 1270339200,
      "y": 0.0
    },
    {
      "x": 1270512000,
      "y": 0.0
    },
    {
      "x": 1270684800,
      "y": 0.0
    },
    {
      "x": 1270857600,
      "y": 0.0
    },
    {
      "x": 1271030400,
      "y": 0.0
    },
    {
      "x": 1271203200,
      "y": 0.0
    },
    {
      "x": 1271376000,
      "y": 0.0
    },
    {
      "x": 1271548800,
      "y": 0.0
    },
    {
      "x": 1271721600,
      "y": 0.0
    },
    {
      "x": 1271894400,
      "y": 0.0
    },
    {
      "x": 1272067200,
      "y": 0.0
    },
    {
      "x": 1272240000,
      "y": 0.0
    },
    {
      "x": 1272412800,
      "y": 0.0
    },
    {
      "x": 1272585600,
      "y": 0.0
    },
    {
      "x": 1272758400,
      "y": 0.0
    },
    {
      "x": 1272931200,
      "y": 0.0
    },
    {
      "x": 1273104000,
      "y": 0.0
    },
    {
      "x": 1273276800,
      "y": 0.0
    },
    {
      "x": 1273449600,
      "y": 0.0
    },
    {
      "x": 1273622400,
      "y": 0.0
    },
    {
      "x": 1273795200,
      "y": 0.0
    },
    {
      "x": 1273968000,
      "y": 0.0
    },
    {
      "x": 1274140800,
      "y": 0.0
    },
    {
      "x": 1274313600,
      "y": 0.0
    },
    {
      "x": 1274486400,
      "y": 0.0
    },
    {
      "x": 1274659200,
      "y": 0.0
    },
    {
      "x": 1274832000,
      "y": 0.0
    },
    {
      "x": 1275004800,
      "y": 0.0
    },
    {
      "x": 1275177600,
      "y": 0.0
    },
    {
      "x": 1275350400,
      "y": 0.0
    },
    {
      "x": 1275523200,
      "y": 0.0
    },
    {
      "x": 1275696000,
      "y": 0.0
    },
    {
      "x": 1275868800,
      "y": 0.0
    },
    {
      "x": 1276041600,
      "y": 0.0
    },
    {
      "x": 1276214400,
      "y": 0.0
    },
    {
      "x": 1276387200,
      "y": 0.0
    },
    {
      "x": 1276560000,
      "y": 0.0
    },
    {
      "x": 1276732800,
      "y": 0.0
    },
    {
      "x": 1276905600,
      "y": 0.0
    },
    {
      "x": 1277078400,
      "y": 0.0
    },
    {
      "x": 1277251200,
      "y": 0.0
    },
    {
      "x": 1277424000,
      "y": 0.0
    },
    {
      "x": 1277596800,
      "y": 0.0
    },
    {
      "x": 1277769600,
      "y": 0.0
    },
    {
      "x": 1277942400,
      "y": 0.0
    },
    {
      "x": 1278115200,
      "y": 0.0
    },
    {
      "x": 1278288000,
      "y": 0.0
    },
    {
      "x": 1278460800,
      "y": 0.0
    },
    {
      "x": 1278633600,
      "y": 0.0
    },
    {
      "x": 1278806400,
      "y": 0.0
    },
    {
      "x": 1278979200,
      "y": 0.0
    },
    {
      "x": 1279152000,
      "y": 0.0
    },
    {
      "x": 1279324800,
      "y": 0.0
    },
    {
      "x": 1279497600,
      "y": 0.0
    },
    {
      "x": 1279670400,
      "y": 0.0
    },
    {
      "x": 1279843200,
      "y": 0.0
    },
    {
      "x": 1280016000,
      "y": 0.0
    },
    {
      "x": 1280188800,
      "y": 0.0
    },
    {
      "x": 1280361600,
      "y": 0.0
    },
    {
      "x": 1280534400,
      "y": 0.0
    },
    {
      "x": 1280707200,
      "y": 0.0
    },
    {
      "x": 1280880000,
      "y": 0.0
    },
    {
      "x": 1281052800,
      "y": 0.0
    },
    {
      "x": 1281225600,
      "y": 0.0
    },
    {
      "x": 1281398400,
      "y": 0.0
    },
    {
      "x": 1281571200,
      "y": 0.0
    },
    {
      "x": 1281744000,
      "y": 0.0
    },
    {
      "x": 1281916800,
      "y": 0.0
    },
    {
      "x": 1282089600,
      "y": 277566.6
    },
    {
      "x": 1282262400,
      "y": 251208.87499999997
    },
    {
      "x": 1282435200,
      "y": 251350.56
    },
    {
      "x": 1282608000,
      "y": 254612.97850000003
    },
    {
      "x": 1282780800,
      "y": 254574.79675
    },
    {
      "x": 1282953600,
      "y": 249996.5
    },
    {
      "x": 1283126400,
      "y": 266440.05000000005
    },
    {
      "x": 1283299200,
      "y": 251747.1
    },
    {
      "x": 1283472000,
      "y": 246914.47
    },
    {
      "x": 1283644800,
      "y": 246039.63999999998
    },
    {
      "x": 1283817600,
      "y": 242922.06
    },
    {
      "x": 1283990400,
      "y": 246027.59999999998
    },
    {
      "x": 1284163200,
      "y": 245482.8
    },
    {
      "x": 1284336000,
      "y": 246598.26750000002
    },
    {
      "x": 1284508800,
      "y": 699282.5
    },
    {
      "x": 1284681600,
      "y": 244586.58000000002
    },
    {
      "x": 1284854400,
      "y": 252809.19145
    },
    {
      "x": 1285027200,
      "y": 256868.235
    },
    {
      "x": 1285200000,
      "y": 256863.6
    },
    {
      "x": 1285372800,
      "y": 255815.03999999998
    },
    {
      "x": 1285545600,
      "y": 256372.69809999998
    },
    {
      "x": 1285718400,
      "y": 257528.79
    },
    {
      "x": 1285891200,
      "y": 257658.54415
    },
    {
      "x": 1286064000,
      "y": 255875.29
    },
    {
      "x": 1286236800,
      "y": 263457.412
    },
    {
      "x": 1286409600,
      "y": 267797.31
    },
    {
      "x": 1286582400,
      "y": 505584.12850000005
    },
    {
      "x": 1286755200,
      "y": 550283.97
    },
    {
      "x": 1286928000,
      "y": 403384.25
    },
    {
      "x": 1287100800,
      "y": 507535.0
    },
    {
      "x": 1287273600,
      "y": 448414.725
    },
    {
      "x": 1287446400,
      "y": 441984.0
    },
    {
      "x": 1287619200,
      "y": 473016.4
    },
    {
      "x": 1287792000,
      "y": 474842.10949999996
    },
    {
      "x": 1287964800,
      "y": 656385.0
    },
    {
      "x": 1288137600,
      "y": 835734.0
    },
    {
      "x": 1288310400,
      "y": 844430.1
    },
    {
      "x": 1288483200,
      "y": 883997.8
    },
    {
      "x": 1288656000,
      "y": 871930.0
    },
    {
      "x": 1288828800,
      "y": 1057230.396
    },
    {
      "x": 1289001600,
      "y": 1305188.5
    },
    {
      "x": 1289174400,
      "y": 1674657.0
    },
    {
      "x": 1289347200,
      "y": 1212884.925
    },
    {
      "x": 1289520000,
      "y": 1146542.9
    },
    {
      "x": 1289692800,
      "y": 1372634.25
    },
    {
      "x": 1289865600,
      "y": 1303487.295
    },
    {
      "x": 1290038400,
      "y": 1344580.3635
    },
    {
      "x": 1290211200,
      "y": 1344008.95
    },
    {
      "x": 1290384000,
      "y": 1315614.5999999999
    },
    {
      "x": 1290556800,
      "y": 1324888.4325
    },
    {
      "x": 1290729600,
      "y": 1358155.5
    },
    {
      "x": 1290902400,
      "y": 1342491.1394999998
    },
    {
      "x": 1291075200,
      "y": 1302963.75
    },
    {
      "x": 1291248000,
      "y": 1189137.5
    },
    {
      "x": 1291420800,
      "y": 1236791.1900000002
    },
    {
      "x": 1291593600,
      "y": 1080225.0
    },
    {
      "x": 1291766400,
      "y": 1194954.34
    },
    {
      "x": 1291939200,
      "y": 988216.7999999999
    },
    {
      "x": 1292112000,
      "y": 1108422.0
    },
    {
      "x": 1292284800,
      "y": 1121767.5
    },
    {
      "x": 1292457600,
      "y": 1203803.45
    },
    {
      "x": 1292630400,
      "y": 1223100.45
    },
    {
      "x": 1292803200,
      "y": 1355530.0
    },
    {
      "x": 1292976000,
      "y": 1320835.6500000001
    },
    {
      "x": 1293148800,
      "y": 1240400.0
    },
    {
      "x": 1293321600,
      "y": 1343798.52295
    },
    {
      "x": 1293494400,
      "y": 1398194.0000000002
    },
    {
      "x": 1293667200,
      "y": 1503039.98985
    },
    {
      "x": 1293840000,
      "y": 1508164.9455
    },
    {
      "x": 1294012800,
      "y": 1513324.9111
    },
    {
      "x": 1294185600,
      "y": 1512645.8318999999
    },
    {
      "x": 1294358400,
      "y": 1633699.2
    },
    {
      "x": 1294531200,
      "y": 1644318.2184000001
    },
    {
      "x": 1294704000,
      "y": 1680285.25
    },
    {
      "x": 1294876800,
      "y": 2075564.2500000002
    },
    {
      "x": 1295049600,
      "y": 2056860.0
    },
    {
      "x": 1295222400,
      "y": 2063780.0
    },
    {
      "x": 1295395200,
      "y": 1760391.61
    },
    {
      "x": 1295568000,
      "y": 2285096.0
    },
    {
      "x": 1295740800,
      "y": 2314847.4299999997
    },
    {
      "x": 1295913600,
      "y": 2221432.5
    },
    {
      "x": 1296086400,
      "y": 2189116.91
    },
    {
      "x": 1296259200,
      "y": 2346093.8
    },
    {
      "x": 1296432000,
      "y": 2638000.0
    },
    {
      "x": 1296604800,
      "y": 4446686.01195
    },
    {
      "x": 1296777600,
      "y": 4672800.0
    },
    {
      "x": 1296950400,
      "y": 4901668.0
    },
    {
      "x": 1297123200,
      "y": 4812120.0
    },
    {
      "x": 1297296000,
      "y": 5901940.000000001
    },
    {
      "x": 1297468800,
      "y": 5868512.055000001
    },
    {
      "x": 1297641600,
      "y": 5836266.0
    },
    {
      "x": 1297814400,
      "y": 5698435.959
    },
    {
      "x": 1297987200,
      "y": 5722380.291
    },
    {
      "x": 1298160000,
      "y": 5220511.9216
    },
    {
      "x": 1298332800,
      "y": 4770941.013
    },
    {
      "x": 1298505600,
      "y": 5233806.515
    },
    {
      "x": 1298678400,
      "y": 5470235.4945
    },
    {
      "x": 1298851200,
      "y": 5273357.8974
    },
    {
      "x": 1299024000,
      "y": 5290718.43
    },
    {
      "x": 1299196800,
      "y": 5249611.44
    },
    {
      "x": 1299369600,
      "y": 5113241.209
    },
    {
      "x": 1299542400,
      "y": 5114430.72
    },
    {
      "x": 1299715200,
      "y": 4916761.5
    },
    {
      "x": 1299888000,
      "y": 5210146.484999999
    },
    {
      "x": 1300060800,
      "y": 5109165.0
    },
    {
      "x": 1300233600,
      "y": 5063210.0
    },
    {
      "x": 1300406400,
      "y": 4850600.91165
    },
    {
      "x": 1300579200,
      "y": 4514178.5
    },
    {
      "x": 1300752000,
      "y": 4580532.2172
    },
    {
      "x": 1300924800,
      "y": 5168880.0
    },
    {
      "x": 1301097600,
      "y": 5211306.75
    },
    {
      "x": 1301270400,
      "y": 4951333.625
    },
    {
      "x": 1301443200,
      "y": 4602771.75
    },
    {
      "x": 1301616000,
      "y": 4646625.745
    },
    {
      "x": 1301788800,
      "y": 4659874.739999999
    },
    {
      "x": 1301961600,
      "y": 4150234.0
    },
    {
      "x": 1302134400,
      "y": 4499067.465
    },
    {
      "x": 1302307200,
      "y": 4510571.12
    },
    {
      "x": 1302480000,
      "y": 4601886.3
    },
    {
      "x": 1302652800,
      "y": 5910700.0
    },
    {
      "x": 1302825600,
      "y": 6458844.744
    },
    {
      "x": 1302998400,
      "y": 6447992.25
    },
    {
      "x": 1303171200,
      "y": 7089663.0
    },
    {
      "x": 1303344000,
      "y": 7155236.385
    },
    {
      "x": 1303516800,
      "y": 9278974.7
    },
    {
      "x": 1303689600,
      "y": 10218927.6
    },
    {
      "x": 1303862400,
      "y": 11752162.5
    },
    {
      "x": 1304035200,
      "y": 16320960.000000002
    },
    {
      "x": 1304208000,
      "y": 24801146.5
    },
    {
      "x": 1304380800,
      "y": 21230019
    },
    {
      "x": 1304553600,
      "y": 2.13633E+7
    },
    {
      "x": 1304726400,
      "y": 2.266139E+7
    },
    {
      "x": 1304899200,
      "y": 24202510.65
    },
    {
      "x": 1305072000,
      "y": 37401642
    },
    {
      "x": 1305244800,
      "y": 52263672.49999999
    },
    {
      "x": 1305417600,
      "y": 53085667.50000001
    },
    {
      "x": 1305590400,
      "y": 52289118.7805
    },
    {
      "x": 1305763200,
      "y": 45920875
    },
    {
      "x": 1305936000,
      "y": 41458061.160000004
    },
    {
      "x": 1306108800,
      "y": 46969642.5
    },
    {
      "x": 1306281600,
      "y": 4.756834E+7
    },
    {
      "x": 1306454400,
      "y": 56729416
    },
    {
      "x": 1306627200,
      "y": 54192599.04
    },
    {
      "x": 1306800000,
      "y": 60716546.730000004
    },
    {
      "x": 1306972800,
      "y": 67751057.5
    },
    {
      "x": 1307145600,
      "y": 111958487
    },
    {
      "x": 1307318400,
      "y": 124102728
    },
    {
      "x": 1307491200,
      "y": 206495344.88
    },
    {
      "x": 1307664000,
      "y": 2.272585E+8
    },
    {
      "x": 1307836800,
      "y": 162849834
    },
    {
      "x": 1308009600,
      "y": 137276699
    },
    {
      "x": 1308182400,
      "y": 1.3102243E+8
    },
    {
      "x": 1308355200,
      "y": 1.1323362E+8
    },
    {
      "x": 1308528000,
      "y": 114612365.00000001
    },
    {
      "x": 1308700800,
      "y": 99795797.5
    },
    {
      "x": 1308873600,
      "y": 111469402.985
    },
    {
      "x": 1309046400,
      "y": 116794393.20150001
    },
    {
      "x": 1309219200,
      "y": 117135216
    },
    {
      "x": 1309392000,
      "y": 1.1731475E+8
    },
    {
      "x": 1309564800,
      "y": 110836710.49999999
    },
    {
      "x": 1309737600,
      "y": 106791752.5
    },
    {
      "x": 1309910400,
      "y": 1.114245E+8
    },
    {
      "x": 1310083200,
      "y": 105856903.334
    },
    {
      "x": 1310256000,
      "y": 1.0634568E+8
    },
    {
      "x": 1310428800,
      "y": 99505800.372
    },
    {
      "x": 1310601600,
      "y": 96073875
    },
    {
      "x": 1310774400,
      "y": 96299475
    },
    {
      "x": 1310947200,
      "y": 93720371.085
    },
    {
      "x": 1311120000,
      "y": 96331248
    },
    {
      "x": 1311292800,
      "y": 95845270.29
    },
    {
      "x": 1311465600,
      "y": 96352250.10785
    },
    {
      "x": 1311638400,
      "y": 9.948168E+7
    },
    {
      "x": 1311811200,
      "y": 9.69612E+7
    },
    {
      "x": 1311984000,
      "y": 9.579201E+7
    },
    {
      "x": 1312156800,
      "y": 94289725.86
    },
    {
      "x": 1312329600,
      "y": 9.135809E+7
    },
    {
      "x": 1312502400,
      "y": 80705047.5
    },
    {
      "x": 1312675200,
      "y": 6.860098E+7
    },
    {
      "x": 1312848000,
      "y": 8.485972E+7
    },
    {
      "x": 1313020800,
      "y": 73767809.17500001
    },
    {
      "x": 1313193600,
      "y": 70767075
    },
    {
      "x": 1313366400,
      "y": 83881572
    },
    {
      "x": 1313539200,
      "y": 7.98684E+7
    },
    {
      "x": 1313712000,
      "y": 83646096.5
    },
    {
      "x": 1313884800,
      "y": 82255968.5
    },
    {
      "x": 1314057600,
      "y": 81745030.5
    },
    {
      "x": 1314230400,
      "y": 78155789.796
    },
    {
      "x": 1314403200,
      "y": 65060431.49999999
    },
    {
      "x": 1314576000,
      "y": 67823996.96
    },
    {
      "x": 1314748800,
      "y": 6.45201E+7
    },
    {
      "x": 1314921600,
      "y": 61050573.315000005
    },
    {
      "x": 1315094400,
      "y": 61848869.4913639
    },
    {
      "x": 1315267200,
      "y": 55222838.7035
    },
    {
      "x": 1315440000,
      "y": 52855548.549499996
    },
    {
      "x": 1315612800,
      "y": 44950718.12544794
    },
    {
      "x": 1315785600,
      "y": 51359201.1
    },
    {
      "x": 1315958400,
      "y": 43532325.006540745
    },
    {
      "x": 1316131200,
      "y": 38080676
    },
    {
      "x": 1316304000,
      "y": 3.64785E+7
    },
    {
      "x": 1316476800,
      "y": 49662956.25
    },
    {
      "x": 1316649600,
      "y": 42696952.736499995
    },
    {
      "x": 1316822400,
      "y": 41524873
    },
    {
      "x": 1316995200,
      "y": 40134759.07
    },
    {
      "x": 1317168000,
      "y": 36738746.55
    },
    {
      "x": 1317340800,
      "y": 3.946588E+7
    },
    {
      "x": 1317513600,
      "y": 38133174
    },
    {
      "x": 1317686400,
      "y": 37237844.5
    },
    {
      "x": 1317859200,
      "y": 36564084.5
    },
    {
      "x": 1318032000,
      "y": 34131123
    },
    {
      "x": 1318204800,
      "y": 31696314.823499996
    },
    {
      "x": 1318377600,
      "y": 31347371.136000004
    },
    {
      "x": 1318550400,
      "y": 30711001.200000003
    },
    {
      "x": 1318723200,
      "y": 29167809.48149544
    },
    {
      "x": 1318896000,
      "y": 2.171868E+7
    },
    {
      "x": 1319068800,
      "y": 18152299
    },
    {
      "x": 1319241600,
      "y": 24791415
    },
    {
      "x": 1319414400,
      "y": 2.407664E+7
    },
    {
      "x": 1319587200,
      "y": 21673248.4
    },
    {
      "x": 1319760000,
      "y": 24564671.25
    },
    {
      "x": 1319932800,
      "y": 27587022.463
    },
    {
      "x": 1320105600,
      "y": 25365195
    },
    {
      "x": 1320278400,
      "y": 25024894.4
    },
    {
      "x": 1320451200,
      "y": 24396802.5
    },
    {
      "x": 1320624000,
      "y": 23062650.380000003
    },
    {
      "x": 1320796800,
      "y": 23757951.599999998
    },
    {
      "x": 1320969600,
      "y": 2.292825E+7
    },
    {
      "x": 1321142400,
      "y": 23728578.150000002
    },
    {
      "x": 1321315200,
      "y": 20638487
    },
    {
      "x": 1321488000,
      "y": 19986502.722
    },
    {
      "x": 1321660800,
      "y": 1.770816E+7
    },
    {
      "x": 1321833600,
      "y": 17661281.5
    },
    {
      "x": 1322006400,
      "y": 18387047
    },
    {
      "x": 1322179200,
      "y": 1.980864E+7
    },
    {
      "x": 1322352000,
      "y": 19347375.700000003
    },
    {
      "x": 1322524800,
      "y": 23141353.95
    },
    {
      "x": 1322697600,
      "y": 2.442763E+7
    },
    {
      "x": 1322870400,
      "y": 24397802.5515
    },
    {
      "x": 1323043200,
      "y": 22882421
    },
    {
      "x": 1323216000,
      "y": 2.411665E+7
    },
    {
      "x": 1323388800,
      "y": 23826519.75
    },
    {
      "x": 1323561600,
      "y": 26551083
    },
    {
      "x": 1323734400,
      "y": 2.596605E+7
    },
    {
      "x": 1323907200,
      "y": 25169111.604999997
    },
    {
      "x": 1324080000,
      "y": 25501980.5
    },
    {
      "x": 1324252800,
      "y": 29270772.689999998
    },
    {
      "x": 1324425600,
      "y": 32570722.500000004
    },
    {
      "x": 1324598400,
      "y": 31360037.5
    },
    {
      "x": 1324771200,
      "y": 34918088.135000005
    },
    {
      "x": 1324944000,
      "y": 32362665.999999996
    },
    {
      "x": 1325116800,
      "y": 34577648
    },
    {
      "x": 1325289600,
      "y": 39960249.75
    },
    {
      "x": 1325462400,
      "y": 44082248.49
    },
    {
      "x": 1325635200,
      "y": 45023634.67
    },
    {
      "x": 1325808000,
      "y": 58097535
    },
    {
      "x": 1325980800,
      "y": 5.805972E+7
    },
    {
      "x": 1326153600,
      "y": 55665688
    },
    {
      "x": 1326326400,
      "y": 56641414.699999996
    },
    {
      "x": 1326499200,
      "y": 54737775
    },
    {
      "x": 1326672000,
      "y": 58406774.448
    },
    {
      "x": 1326844800,
      "y": 5.657022E+7
    },
    {
      "x": 1327017600,
      "y": 53648714
    },
    {
      "x": 1327190400,
      "y": 52198312.5
    },
    {
      "x": 1327363200,
      "y": 53319085.75
    },
    {
      "x": 1327536000,
      "y": 5.082946E+7
    },
    {
      "x": 1327708800,
      "y": 47209555.949999996
    },
    {
      "x": 1327881600,
      "y": 4.608492E+7
    },
    {
      "x": 1328054400,
      "y": 46480235.8
    },
    {
      "x": 1328227200,
      "y": 50784017
    },
    {
      "x": 1328400000,
      "y": 49341178.125
    },
    {
      "x": 1328572800,
      "y": 47334675.102000006
    },
    {
      "x": 1328745600,
      "y": 4.816088E+7
    },
    {
      "x": 1328918400,
      "y": 4.99071E+7
    },
    {
      "x": 1329091200,
      "y": 47665904
    },
    {
      "x": 1329264000,
      "y": 40733848
    },
    {
      "x": 1329436800,
      "y": 39880133.287
    },
    {
      "x": 1329609600,
      "y": 36301388.7425
    },
    {
      "x": 1329782400,
      "y": 37217219.629999995
    },
    {
      "x": 1329955200,
      "y": 41403862.632
    },
    {
      "x": 1330128000,
      "y": 42703596
    },
    {
      "x": 1330300800,
      "y": 4.303533E+7
    },
    {
      "x": 1330473600,
      "y": 4.142999E+7
    },
    {
      "x": 1330646400,
      "y": 42253568.604
    },
    {
      "x": 1330819200,
      "y": 4.15618E+7
    },
    {
      "x": 1330992000,
      "y": 4.29048E+7
    },
    {
      "x": 1331164800,
      "y": 4.255625E+7
    },
    {
      "x": 1331337600,
      "y": 42129308
    },
    {
      "x": 1331510400,
      "y": 42367506.195
    },
    {
      "x": 1331683200,
      "y": 46592086.32
    },
    {
      "x": 1331856000,
      "y": 4.628556E+7
    },
    {
      "x": 1332028800,
      "y": 46202192.243999995
    },
    {
      "x": 1332201600,
      "y": 42843438
    },
    {
      "x": 1332374400,
      "y": 4.206072E+7
    },
    {
      "x": 1332547200,
      "y": 41002995.536000006
    },
    {
      "x": 1332720000,
      "y": 40983331.39650001
    },
    {
      "x": 1332892800,
      "y": 41991835.168
    },
    {
      "x": 1333065600,
      "y": 41923675.5
    },
    {
      "x": 1333238400,
      "y": 42860119.5
    },
    {
      "x": 1333411200,
      "y": 43628332.5
    },
    {
      "x": 1333584000,
      "y": 43125360.275
    },
    {
      "x": 1333756800,
      "y": 4.349532E+7
    },
    {
      "x": 1333929600,
      "y": 4.199448E+7
    },
    {
      "x": 1334102400,
      "y": 42887732.415
    },
    {
      "x": 1334275200,
      "y": 43395891.264
    },
    {
      "x": 1334448000,
      "y": 43802661.626499996
    },
    {
      "x": 1334620800,
      "y": 44207273.382
    },
    {
      "x": 1334793600,
      "y": 45757635
    },
    {
      "x": 1334966400,
      "y": 48397168.00000001
    },
    {
      "x": 1335139200,
      "y": 46160687.63550001
    },
    {
      "x": 1335312000,
      "y": 4.571502E+7
    },
    {
      "x": 1335484800,
      "y": 45584944.2
    },
    {
      "x": 1335657600,
      "y": 44611568.64
    },
    {
      "x": 1335830400,
      "y": 4.4535E+7
    },
    {
      "x": 1336003200,
      "y": 46256832
    },
    {
      "x": 1336176000,
      "y": 46029063.224999994
    },
    {
      "x": 1336348800,
      "y": 45626604.79
    },
    {
      "x": 1336521600,
      "y": 45728234.788
    },
    {
      "x": 1336694400,
      "y": 45219241.214
    },
    {
      "x": 1336867200,
      "y": 4.498992E+7
    },
    {
      "x": 1337040000,
      "y": 45879733
    },
    {
      "x": 1337212800,
      "y": 46339889.4
    },
    {
      "x": 1337385600,
      "y": 46490363.526999995
    },
    {
      "x": 1337558400,
      "y": 46602376.5
    },
    {
      "x": 1337731200,
      "y": 46776948
    },
    {
      "x": 1337904000,
      "y": 46750927.5
    },
    {
      "x": 1338076800,
      "y": 46809734.4
    },
    {
      "x": 1338249600,
      "y": 46979431.785000004
    },
    {
      "x": 1338422400,
      "y": 47331762
    },
    {
      "x": 1338595200,
      "y": 48224456.85
    },
    {
      "x": 1338768000,
      "y": 48301442.1
    },
    {
      "x": 1338940800,
      "y": 50137199.5
    },
    {
      "x": 1339113600,
      "y": 51956253
    },
    {
      "x": 1339286400,
      "y": 51683768
    },
    {
      "x": 1339459200,
      "y": 5.250327E+7
    },
    {
      "x": 1339632000,
      "y": 54897675
    },
    {
      "x": 1339804800,
      "y": 60990927.550000004
    },
    {
      "x": 1339977600,
      "y": 59872544.46
    },
    {
      "x": 1340150400,
      "y": 61674334.7565
    },
    {
      "x": 1340323200,
      "y": 63151470.75
    },
    {
      "x": 1340496000,
      "y": 61318087.9
    },
    {
      "x": 1340668800,
      "y": 60111887.20999999
    },
    {
      "x": 1340841600,
      "y": 62238162.525
    },
    {
      "x": 1341014400,
      "y": 62556793.8
    },
    {
      "x": 1341187200,
      "y": 63190462.5
    },
    {
      "x": 1341360000,
      "y": 61417712.5
    },
    {
      "x": 1341532800,
      "y": 63245279.2125
    },
    {
      "x": 1341705600,
      "y": 64629181.5
    },
    {
      "x": 1341878400,
      "y": 68214906.75
    },
    {
      "x": 1342051200,
      "y": 69083598
    },
    {
      "x": 1342224000,
      "y": 72684419.5665
    },
    {
      "x": 1342396800,
      "y": 78488773.19999999
    },
    {
      "x": 1342569600,
      "y": 89143780.756
    },
    {
      "x": 1342742400,
      "y": 87704874.675
    },
    {
      "x": 1342915200,
      "y": 8.561655E+7
    },
    {
      "x": 1343088000,
      "y": 85375360.00000001
    },
    {
      "x": 1343260800,
      "y": 8.495139E+7
    },
    {
      "x": 1343433600,
      "y": 8.538866E+7
    },
    {
      "x": 1343606400,
      "y": 87643275
    },
    {
      "x": 1343779200,
      "y": 91509587.99999999
    },
    {
      "x": 1343952000,
      "y": 106835545.74000001
    },
    {
      "x": 1344124800,
      "y": 107654894.77
    },
    {
      "x": 1344297600,
      "y": 106401311.99999999
    },
    {
      "x": 1344470400,
      "y": 1.15851E+8
    },
    {
      "x": 1344643200,
      "y": 112155558.858
    },
    {
      "x": 1344816000,
      "y": 114978064.6355
    },
    {
      "x": 1344988800,
      "y": 122938910.5
    },
    {
      "x": 1345161600,
      "y": 1.496572E+8
    },
    {
      "x": 1345334400,
      "y": 1.167996E+8
    },
    {
      "x": 1345507200,
      "y": 100443442.482
    },
    {
      "x": 1345680000,
      "y": 100116875
    },
    {
      "x": 1345852800,
      "y": 100263962.5
    },
    {
      "x": 1346025600,
      "y": 119046817.01900001
    },
    {
      "x": 1346198400,
      "y": 110013720.861
    },
    {
      "x": 1346371200,
      "y": 106505519.305
    },
    {
      "x": 1346544000,
      "y": 100317904.0525
    },
    {
      "x": 1346716800,
      "y": 104452513.01
    },
    {
      "x": 1346889600,
      "y": 110342286.5
    },
    {
      "x": 1347062400,
      "y": 110912300.50000001
    },
    {
      "x": 1347235200,
      "y": 110256330.30000001
    },
    {
      "x": 1347408000,
      "y": 112922496.765
    },
    {
      "x": 1347580800,
      "y": 1.167856E+8
    },
    {
      "x": 1347753600,
      "y": 119346661.5
    },
    {
      "x": 1347926400,
      "y": 1.2054939E+8
    },
    {
      "x": 1348099200,
      "y": 126682643.42999999
    },
    {
      "x": 1348272000,
      "y": 124460997.42500001
    },
    {
      "x": 1348444800,
      "y": 123204030.4
    },
    {
      "x": 1348617600,
      "y": 123194188
    },
    {
      "x": 1348790400,
      "y": 125030467.80000001
    },
    {
      "x": 1348963200,
      "y": 125541438.1155
    },
    {
      "x": 1349136000,
      "y": 129800132.00000001
    },
    {
      "x": 1349308800,
      "y": 132093453.375
    },
    {
      "x": 1349481600,
      "y": 130356333.9485
    },
    {
      "x": 1349654400,
      "y": 122253224
    },
    {
      "x": 1349827200,
      "y": 1.2314025E+8
    },
    {
      "x": 1350000000,
      "y": 123315817.5
    },
    {
      "x": 1350172800,
      "y": 1.219638E+8
    },
    {
      "x": 1350345600,
      "y": 122047409
    },
    {
      "x": 1350518400,
      "y": 121918840.122
    },
    {
      "x": 1350691200,
      "y": 120973687.5
    },
    {
      "x": 1350864000,
      "y": 120756659.5
    },
    {
      "x": 1351036800,
      "y": 121032072
    },
    {
      "x": 1351209600,
      "y": 113824274.45400001
    },
    {
      "x": 1351382400,
      "y": 108984859
    },
    {
      "x": 1351555200,
      "y": 111616662.5
    },
    {
      "x": 1351728000,
      "y": 116184415.05
    },
    {
      "x": 1351900800,
      "y": 109352715.8895
    },
    {
      "x": 1352073600,
      "y": 1.126079E+8
    },
    {
      "x": 1352246400,
      "y": 116037120.7695
    },
    {
      "x": 1352419200,
      "y": 1.1469627E+8
    },
    {
      "x": 1352592000,
      "y": 113498688.4
    },
    {
      "x": 1352764800,
      "y": 115624189.05
    },
    {
      "x": 1352937600,
      "y": 115623943.30000001
    },
    {
      "x": 1353110400,
      "y": 1.2292709E+8
    },
    {
      "x": 1353283200,
      "y": 123093261.367
    },
    {
      "x": 1353456000,
      "y": 123110983.2
    },
    {
      "x": 1353628800,
      "y": 130041417
    },
    {
      "x": 1353801600,
      "y": 1.3201083E+8
    },
    {
      "x": 1353974400,
      "y": 131472173.074
    },
    {
      "x": 1354147200,
      "y": 132348085.35000001
    },
    {
      "x": 1354320000,
      "y": 133372357.3875
    },
    {
      "x": 1354492800,
      "y": 133375577.794
    },
    {
      "x": 1354665600,
      "y": 142089862.5
    },
    {
      "x": 1354838400,
      "y": 144075708
    },
    {
      "x": 1355011200,
      "y": 142585566.75
    },
    {
      "x": 1355184000,
      "y": 143842560.54349998
    },
    {
      "x": 1355356800,
      "y": 145620234.24975
    },
    {
      "x": 1355529600,
      "y": 145404477.465
    },
    {
      "x": 1355702400,
      "y": 142590847.29999998
    },
    {
      "x": 1355875200,
      "y": 141635134.42499998
    },
    {
      "x": 1356048000,
      "y": 144340054.25
    },
    {
      "x": 1356220800,
      "y": 142721448.9245
    },
    {
      "x": 1356393600,
      "y": 1.4243012E+8
    },
    {
      "x": 1356566400,
      "y": 142744620.75
    },
    {
      "x": 1356739200,
      "y": 144970008.25
    },
    {
      "x": 1356912000,
      "y": 144233048.25
    },
    {
      "x": 1357084800,
      "y": 142323745
    },
    {
      "x": 1357257600,
      "y": 143379674.982
    },
    {
      "x": 1357430400,
      "y": 143904635.39025
    },
    {
      "x": 1357603200,
      "y": 147203062.5
    },
    {
      "x": 1357776000,
      "y": 1.5251874E+8
    },
    {
      "x": 1357948800,
      "y": 152924255.9325
    },
    {
      "x": 1358121600,
      "y": 152490195
    },
    {
      "x": 1358294400,
      "y": 156730161.1
    },
    {
      "x": 1358467200,
      "y": 170657458.5
    },
    {
      "x": 1358640000,
      "y": 169751678.25
    },
    {
      "x": 1358812800,
      "y": 188033142.25
    },
    {
      "x": 1358985600,
      "y": 205271964.78175002
    },
    {
      "x": 1359158400,
      "y": 188597440.00300002
    },
    {
      "x": 1359331200,
      "y": 197628097.5
    },
    {
      "x": 1359504000,
      "y": 211168732.5
    },
    {
      "x": 1359676800,
      "y": 2.2850214E+8
    },
    {
      "x": 1359849600,
      "y": 222019446
    },
    {
      "x": 1360022400,
      "y": 223381273.5
    },
    {
      "x": 1360195200,
      "y": 238161229.99999997
    },
    {
      "x": 1360368000,
      "y": 254997457.218
    },
    {
      "x": 1360540800,
      "y": 260524441.36249998
    },
    {
      "x": 1360713600,
      "y": 281226739.75025
    },
    {
      "x": 1360886400,
      "y": 291142825.8555
    },
    {
      "x": 1361059200,
      "y": 276386540.655
    },
    {
      "x": 1361232000,
      "y": 310961401.73974997
    },
    {
      "x": 1361404800,
      "y": 322147492.233
    },
    {
      "x": 1361577600,
      "y": 316761071.63299996
    },
    {
      "x": 1361750400,
      "y": 327526689.52325
    },
    {
      "x": 1361923200,
      "y": 340278648.65775
    },
    {
      "x": 1362096000,
      "y": 378234362.55499995
    },
    {
      "x": 1362268800,
      "y": 370055664.64350003
    },
    {
      "x": 1362441600,
      "y": 434841407
    },
    {
      "x": 1362614400,
      "y": 461811834.59775
    },
    {
      "x": 1362787200,
      "y": 500413490.28599995
    },
    {
      "x": 1362960000,
      "y": 519656182.44
    },
    {
      "x": 1363132800,
      "y": 509745491.08
    },
    {
      "x": 1363305600,
      "y": 515066888.79375005
    },
    {
      "x": 1363478400,
      "y": 517607733.66499996
    },
    {
      "x": 1363651200,
      "y": 6.3072476E+8
    },
    {
      "x": 1363824000,
      "y": 8.06634E+8
    },
    {
      "x": 1363996800,
      "y": 689275125
    },
    {
      "x": 1364169600,
      "y": 809051214.606
    },
    {
      "x": 1364342400,
      "y": 974055075.0000001
    },
    {
      "x": 1364515200,
      "y": 976502263.75
    },
    {
      "x": 1364688000,
      "y": 1015081234.7385
    },
    {
      "x": 1364860800,
      "y": 1194254982.75
    },
    {
      "x": 1365033600,
      "y": 1450949397.95375
    },
    {
      "x": 1365206400,
      "y": 1567463462.67625
    },
    {
      "x": 1365379200,
      "y": 2.0255088E+9
    },
    {
      "x": 1365552000,
      "y": 2.181366E+9
    },
    {
      "x": 1365724800,
      "y": 843312707.4
    },
    {
      "x": 1365897600,
      "y": 1004046225
    },
    {
      "x": 1366070400,
      "y": 1.00482655E+9
    },
    {
      "x": 1366243200,
      "y": 1.06635395E+9
    },
    {
      "x": 1366416000,
      "y": 1369526213
    },
    {
      "x": 1366588800,
      "y": 1366749056.75
    },
    {
      "x": 1366761600,
      "y": 1696508264.0219998
    },
    {
      "x": 1366934400,
      "y": 1502740452.075
    },
    {
      "x": 1367107200,
      "y": 1508159586.84775
    },
    {
      "x": 1367280000,
      "y": 1543897758.775
    },
    {
      "x": 1367452800,
      "y": 1166088333.168
    },
    {
      "x": 1367625600,
      "y": 1244556534.99375
    },
    {
      "x": 1367798400,
      "y": 1345090886.2895
    },
    {
      "x": 1367971200,
      "y": 1268209485.0452502
    },
    {
      "x": 1368144000,
      "y": 1310702188
    },
    {
      "x": 1368316800,
      "y": 1274287886
    },
    {
      "x": 1368489600,
      "y": 1.32742715E+9
    },
    {
      "x": 1368662400,
      "y": 1284654522.416
    },
    {
      "x": 1368835200,
      "y": 1382268379.0075
    },
    {
      "x": 1369008000,
      "y": 1370877559.2714999
    },
    {
      "x": 1369180800,
      "y": 1371731466
    },
    {
      "x": 1369353600,
      "y": 1.47189265E+9
    },
    {
      "x": 1369526400,
      "y": 1501517528.98925
    },
    {
      "x": 1369699200,
      "y": 1438449537.775
    },
    {
      "x": 1369872000,
      "y": 1469538093.198
    },
    {
      "x": 1370044800,
      "y": 1450625584.71
    },
    {
      "x": 1370217600,
      "y": 1348575224.7625
    },
    {
      "x": 1370390400,
      "y": 1376864586.9675
    },
    {
      "x": 1370563200,
      "y": 1241579898.069
    },
    {
      "x": 1370736000,
      "y": 1109296698.62375
    },
    {
      "x": 1370908800,
      "y": 1.2176109E+9
    },
    {
      "x": 1371081600,
      "y": 1.229956E+9
    },
    {
      "x": 1371254400,
      "y": 1151516393.1460001
    },
    {
      "x": 1371427200,
      "y": 1136058016.38225
    },
    {
      "x": 1371600000,
      "y": 1.21939818E+9
    },
    {
      "x": 1371772800,
      "y": 1256073225
    },
    {
      "x": 1371945600,
      "y": 1219485056.98575
    },
    {
      "x": 1372118400,
      "y": 1177011684.4675
    },
    {
      "x": 1372291200,
      "y": 1165723515.1582499
    },
    {
      "x": 1372464000,
      "y": 1087840603.1405
    },
    {
      "x": 1372636800,
      "y": 1033462011.0500001
    },
    {
      "x": 1372809600,
      "y": 9.4104477E+8
    },
    {
      "x": 1372982400,
      "y": 771818503.638
    },
    {
      "x": 1373155200,
      "y": 807555842.15
    },
    {
      "x": 1373328000,
      "y": 869603878.63
    },
    {
      "x": 1373500800,
      "y": 993690836.2500001
    },
    {
      "x": 1373673600,
      "y": 1095300550.125
    },
    {
      "x": 1373846400,
      "y": 1123279548.807
    },
    {
      "x": 1374019200,
      "y": 1119468900.5
    },
    {
      "x": 1374192000,
      "y": 1068169073.5935
    },
    {
      "x": 1374364800,
      "y": 1017893727.05275
    },
    {
      "x": 1374537600,
      "y": 1092556078.6
    },
    {
      "x": 1374710400,
      "y": 1102464025
    },
    {
      "x": 1374883200,
      "y": 1091873110.707
    },
    {
      "x": 1375056000,
      "y": 1159687050.0955
    },
    {
      "x": 1375228800,
      "y": 1205611283.40625
    },
    {
      "x": 1375401600,
      "y": 1212854375
    },
    {
      "x": 1375574400,
      "y": 1204281157.95
    },
    {
      "x": 1375747200,
      "y": 1230715956.9045
    },
    {
      "x": 1375920000,
      "y": 1174293052.5
    },
    {
      "x": 1376092800,
      "y": 1183611635.383
    },
    {
      "x": 1376265600,
      "y": 1212190667.9705
    },
    {
      "x": 1376438400,
      "y": 1155734116.25
    },
    {
      "x": 1376611200,
      "y": 1139007098.5
    },
    {
      "x": 1376784000,
      "y": 1145854489
    },
    {
      "x": 1376956800,
      "y": 1211248945.75
    },
    {
      "x": 1377129600,
      "y": 1286747437.75
    },
    {
      "x": 1377302400,
      "y": 1262105427
    },
    {
      "x": 1377475200,
      "y": 1.29788061E+9
    },
    {
      "x": 1377648000,
      "y": 1385377931.25
    },
    {
      "x": 1377820800,
      "y": 1450961407.75
    },
    {
      "x": 1377993600,
      "y": 1522502783
    },
    {
      "x": 1378166400,
      "y": 1519566392.4999998
    },
    {
      "x": 1378339200,
      "y": 1451422408.25
    },
    {
      "x": 1378512000,
      "y": 1401657885
    },
    {
      "x": 1378684800,
      "y": 1420313587
    },
    {
      "x": 1378857600,
      "y": 1449999912.5
    },
    {
      "x": 1379030400,
      "y": 1500297026.75
    },
    {
      "x": 1379203200,
      "y": 1468452843
    },
    {
      "x": 1379376000,
      "y": 1494135792
    },
    {
      "x": 1379548800,
      "y": 1454681585
    },
    {
      "x": 1379721600,
      "y": 1448821725
    },
    {
      "x": 1379894400,
      "y": 1444503915.5
    },
    {
      "x": 1380067200,
      "y": 1459413032
    },
    {
      "x": 1380240000,
      "y": 1.47719102E+9
    },
    {
      "x": 1380412800,
      "y": 1507679355
    },
    {
      "x": 1380585600,
      "y": 1497171490.5
    },
    {
      "x": 1380758400,
      "y": 1378615371.25
    },
    {
      "x": 1380931200,
      "y": 1433550678
    },
    {
      "x": 1381104000,
      "y": 1.45930503E+9
    },
    {
      "x": 1381276800,
      "y": 1489654112
    },
    {
      "x": 1381449600,
      "y": 1499813238
    },
    {
      "x": 1381622400,
      "y": 1535485874
    },
    {
      "x": 1381795200,
      "y": 1.64968071E+9
    },
    {
      "x": 1381968000,
      "y": 1699564141.0000002
    },
    {
      "x": 1382140800,
      "y": 1958730875.0000002
    },
    {
      "x": 1382313600,
      "y": 2103224179.75
    },
    {
      "x": 1382486400,
      "y": 2377290528.75
    },
    {
      "x": 1382659200,
      "y": 2056551326.5
    },
    {
      "x": 1382832000,
      "y": 2251714053
    },
    {
      "x": 1383004800,
      "y": 2408599560.5
    },
    {
      "x": 1383177600,
      "y": 2404920005.75
    },
    {
      "x": 1383350400,
      "y": 2437295812.5
    },
    {
      "x": 1383523200,
      "y": 2689641115
    },
    {
      "x": 1383696000,
      "y": 3087643198.5
    },
    {
      "x": 1383868800,
      "y": 3895040535
    },
    {
      "x": 1384041600,
      "y": 3554569406.2500005
    },
    {
      "x": 1384214400,
      "y": 4240843076.25
    },
    {
      "x": 1384387200,
      "y": 4.9940016E+9
    },
    {
      "x": 1384560000,
      "y": 5202089043.75
    },
    {
      "x": 1384732800,
      "y": 7002760228
    },
    {
      "x": 1384905600,
      "y": 7.14966875E+9
    },
    {
      "x": 1385078400,
      "y": 9.1503401E+9
    },
    {
      "x": 1385251200,
      "y": 10024956042
    },
    {
      "x": 1385424000,
      "y": 10173483145
    },
    {
      "x": 1385596800,
      "y": 1.215819775E+10
    },
    {
      "x": 1385769600,
      "y": 13504897665
    },
    {
      "x": 1385942400,
      "y": 11974044577.75
    },
    {
      "x": 1386115200,
      "y": 1.39000515E+10
    },
    {
      "x": 1386288000,
      "y": 1.08049287E+10
    },
    {
      "x": 1386460800,
      "y": 8744799021.75
    },
    {
      "x": 1386633600,
      "y": 11342353720.5
    },
    {
      "x": 1386806400,
      "y": 10244844618.75
    },
    {
      "x": 1386979200,
      "y": 10482304132.5
    },
    {
      "x": 1387152000,
      "y": 8.60141075E+9
    },
    {
      "x": 1387324800,
      "y": 6995691508
    },
    {
      "x": 1387497600,
      "y": 8.0205675E+9
    },
    {
      "x": 1387670400,
      "y": 7.7463022E+9
    },
    {
      "x": 1387843200,
      "y": 7876450630.75
    },
    {
      "x": 1388016000,
      "y": 8.94339955E+9
    },
    {
      "x": 1388188800,
      "y": 8549801919.75
    },
    {
      "x": 1388361600,
      "y": 9013010382.5
    },
    {
      "x": 1388534400,
      "y": 9.11501822E+9
    },
    {
      "x": 1388707200,
      "y": 9845053570.25
    },
    {
      "x": 1388880000,
      "y": 1.09488736E+10
    },
    {
      "x": 1389052800,
      "y": 10607038228.5
    },
    {
      "x": 1389225600,
      "y": 9902844981.75
    },
    {
      "x": 1389398400,
      "y": 10923824725
    },
    {
      "x": 1389571200,
      "y": 9902642684.75
    },
    {
      "x": 1389744000,
      "y": 10398269665
    },
    {
      "x": 1389916800,
      "y": 9734293075
    },
    {
      "x": 1390089600,
      "y": 1.023253035E+10
    },
    {
      "x": 1390262400,
      "y": 10111586132
    },
    {
      "x": 1390435200,
      "y": 10001792365.5
    },
    {
      "x": 1390608000,
      "y": 9.9225048E+9
    },
    {
      "x": 1390780800,
      "y": 9571727025
    },
    {
      "x": 1390953600,
      "y": 9.90591693E+9
    },
    {
      "x": 1391126400,
      "y": 9899258812.5
    },
    {
      "x": 1391299200,
      "y": 10117509693
    },
    {
      "x": 1391472000,
      "y": 9994983473.75
    },
    {
      "x": 1391644800,
      "y": 9.61796665E+9
    },
    {
      "x": 1391817600,
      "y": 8746243975
    },
    {
      "x": 1391990400,
      "y": 8231719125
    },
    {
      "x": 1392163200,
      "y": 8262169493.75
    },
    {
      "x": 1392336000,
      "y": 8331452415
    },
    {
      "x": 1392508800,
      "y": 7734813662.5
    },
    {
      "x": 1392681600,
      "y": 7780597426
    },
    {
      "x": 1392854400,
      "y": 7238794695.000001
    },
    {
      "x": 1393027200,
      "y": 7508165977
    },
    {
      "x": 1393200000,
      "y": 6.77993625E+9
    },
    {
      "x": 1393372800,
      "y": 7287410254.5
    },
    {
      "x": 1393545600,
      "y": 7200509201.75
    },
    {
      "x": 1393718400,
      "y": 6979296116
    },
    {
      "x": 1393891200,
      "y": 8451643187.25
    },
    {
      "x": 1394064000,
      "y": 8200135216
    },
    {
      "x": 1394236800,
      "y": 7.60601415E+9
    },
    {
      "x": 1394409600,
      "y": 7773366674.25
    },
    {
      "x": 1394582400,
      "y": 8030086547.5
    },
    {
      "x": 1394755200,
      "y": 7964578727.25
    },
    {
      "x": 1394928000,
      "y": 7950718680.000001
    },
    {
      "x": 1395100800,
      "y": 7856357025
    },
    {
      "x": 1395273600,
      "y": 7.39749375E+9
    },
    {
      "x": 1395446400,
      "y": 6.98870685E+9
    },
    {
      "x": 1395619200,
      "y": 7.1826898E+9
    },
    {
      "x": 1395792000,
      "y": 7359247287.500001
    },
    {
      "x": 1395964800,
      "y": 6324533375
    },
    {
      "x": 1396137600,
      "y": 5649401257.5
    },
    {
      "x": 1396310400,
      "y": 6037174753
    },
    {
      "x": 1396483200,
      "y": 5623561788.75
    },
    {
      "x": 1396656000,
      "y": 5.69753296E+9
    },
    {
      "x": 1396828800,
      "y": 5649057225.5
    },
    {
      "x": 1397001600,
      "y": 5593849485
    },
    {
      "x": 1397174400,
      "y": 5406562275.5
    },
    {
      "x": 1397347200,
      "y": 5119777125
    },
    {
      "x": 1397520000,
      "y": 6197777923.5
    },
    {
      "x": 1397692800,
      "y": 6266167875
    },
    {
      "x": 1397865600,
      "y": 6.33218331E+9
    },
    {
      "x": 1398038400,
      "y": 6293422987.5
    },
    {
      "x": 1398211200,
      "y": 6.18081574E+9
    },
    {
      "x": 1398384000,
      "y": 5827336661.25
    },
    {
      "x": 1398556800,
      "y": 5.58935802E+9
    },
    {
      "x": 1398729600,
      "y": 5.68950591E+9
    },
    {
      "x": 1398902400,
      "y": 5849556161.5
    },
    {
      "x": 1399075200,
      "y": 5.528578E+9
    },
    {
      "x": 1399248000,
      "y": 5446671642.75
    },
    {
      "x": 1399420800,
      "y": 5690164672.5
    },
    {
      "x": 1399593600,
      "y": 5762215354
    },
    {
      "x": 1399766400,
      "y": 5548979625
    },
    {
      "x": 1399939200,
      "y": 5602955327.5
    },
    {
      "x": 1400112000,
      "y": 5734657426.5
    },
    {
      "x": 1400284800,
      "y": 5739904793
    },
    {
      "x": 1400457600,
      "y": 5709600195
    },
    {
      "x": 1400630400,
      "y": 6333680297.25
    },
    {
      "x": 1400803200,
      "y": 6755202796
    },
    {
      "x": 1400976000,
      "y": 7368495625
    },
    {
      "x": 1401148800,
      "y": 7460868060.75
    },
    {
      "x": 1401321600,
      "y": 7.2873974E+9
    },
    {
      "x": 1401494400,
      "y": 7965213010.000001
    },
    {
      "x": 1401667200,
      "y": 8112594157.5
    },
    {
      "x": 1401840000,
      "y": 8287765076.5
    },
    {
      "x": 1402012800,
      "y": 8435141762.5
    },
    {
      "x": 1402185600,
      "y": 8.3918431E+9
    },
    {
      "x": 1402358400,
      "y": 8369770837.5
    },
    {
      "x": 1402531200,
      "y": 7950831675
    },
    {
      "x": 1402704000,
      "y": 7194308659.999999
    },
    {
      "x": 1402876800,
      "y": 7.678237E+9
    },
    {
      "x": 1403049600,
      "y": 7.80738118E+9
    },
    {
      "x": 1403222400,
      "y": 7666832261.000001
    },
    {
      "x": 1403395200,
      "y": 7708059500.000001
    },
    {
      "x": 1403568000,
      "y": 7576975431
    },
    {
      "x": 1403740800,
      "y": 7368023675
    },
    {
      "x": 1403913600,
      "y": 7737216399.000001
    },
    {
      "x": 1404086400,
      "y": 8.038858E+9
    },
    {
      "x": 1404259200,
      "y": 8.48422755E+9
    },
    {
      "x": 1404432000,
      "y": 8248755523.5
    },
    {
      "x": 1404604800,
      "y": 8240549910.75
    },
    {
      "x": 1404777600,
      "y": 8105106240.000001
    },
    {
      "x": 1404950400,
      "y": 8059014834.5
    },
    {
      "x": 1405123200,
      "y": 8222628582
    },
    {
      "x": 1405296000,
      "y": 8107843949.999999
    },
    {
      "x": 1405468800,
      "y": 8069315506
    },
    {
      "x": 1405641600,
      "y": 8209721212
    },
    {
      "x": 1405814400,
      "y": 8135676167.5
    },
    {
      "x": 1405987200,
      "y": 8104472551.5
    },
    {
      "x": 1406160000,
      "y": 7849862761.499999
    },
    {
      "x": 1406332800,
      "y": 7785082818
    },
    {
      "x": 1406505600,
      "y": 7672902534
    },
    {
      "x": 1406678400,
      "y": 7501333455
    },
    {
      "x": 1406851200,
      "y": 7878220817.000001
    },
    {
      "x": 1407024000,
      "y": 7723934074.25
    },
    {
      "x": 1407196800,
      "y": 7602346577.5
    },
    {
      "x": 1407369600,
      "y": 7.69901002E+9
    },
    {
      "x": 1407542400,
      "y": 7721886298.5
    },
    {
      "x": 1407715200,
      "y": 7600645788.75
    },
    {
      "x": 1407888000,
      "y": 7226817835.5
    },
    {
      "x": 1408060800,
      "y": 6548138844
    },
    {
      "x": 1408233600,
      "y": 6469722234
    },
    {
      "x": 1408406400,
      "y": 6416755312.5
    },
    {
      "x": 1408579200,
      "y": 6924903790.5
    },
    {
      "x": 1408752000,
      "y": 6640470759
    },
    {
      "x": 1408924800,
      "y": 6643037913.75
    },
    {
      "x": 1409097600,
      "y": 6792953412
    },
    {
      "x": 1409270400,
      "y": 6759791170.25
    },
    {
      "x": 1409443200,
      "y": 6315143457
    },
    {
      "x": 1409616000,
      "y": 6393599083.75
    },
    {
      "x": 1409788800,
      "y": 6.42862575E+9
    },
    {
      "x": 1409961600,
      "y": 6367490749.5
    },
    {
      "x": 1410134400,
      "y": 6311972619.75
    },
    {
      "x": 1410307200,
      "y": 6426974895.25
    },
    {
      "x": 1410480000,
      "y": 6237313762.5
    },
    {
      "x": 1410652800,
      "y": 6308527913.25
    },
    {
      "x": 1410825600,
      "y": 6.2128638E+9
    },
    {
      "x": 1410998400,
      "y": 5688375693
    },
    {
      "x": 1411171200,
      "y": 5524070247
    },
    {
      "x": 1411344000,
      "y": 5333585347.5
    },
    {
      "x": 1411516800,
      "y": 5748387369.75
    },
    {
      "x": 1411689600,
      "y": 5395279765.5
    },
    {
      "x": 1411862400,
      "y": 5.063025E+9
    },
    {
      "x": 1412035200,
      "y": 5.10137377E+9
    },
    {
      "x": 1412208000,
      "y": 5013209451.25
    },
    {
      "x": 1412380800,
      "y": 4.4840628E+9
    },
    {
      "x": 1412553600,
      "y": 4.4228034E+9
    },
    {
      "x": 1412726400,
      "y": 4626353890.5
    },
    {
      "x": 1412899200,
      "y": 4798872496.5
    },
    {
      "x": 1413072000,
      "y": 4879865751.75
    },
    {
      "x": 1413244800,
      "y": 5512344464.5
    },
    {
      "x": 1413417600,
      "y": 5061867359.5
    },
    {
      "x": 1413590400,
      "y": 5220952124
    },
    {
      "x": 1413763200,
      "y": 5160197007.5
    },
    {
      "x": 1413936000,
      "y": 5165201887.5
    },
    {
      "x": 1414108800,
      "y": 4810631776.5
    },
    {
      "x": 1414281600,
      "y": 4772474124.75
    },
    {
      "x": 1414454400,
      "y": 4768547912
    },
    {
      "x": 1414627200,
      "y": 4530198325
    },
    {
      "x": 1414800000,
      "y": 4403862030.75
    },
    {
      "x": 1414972800,
      "y": 4385207114
    },
    {
      "x": 1415145600,
      "y": 4605750325
    },
    {
      "x": 1415318400,
      "y": 4611859378.5
    },
    {
      "x": 1415491200,
      "y": 4804211514
    },
    {
      "x": 1415664000,
      "y": 4924234458
    },
    {
      "x": 1415836800,
      "y": 5487177696
    },
    {
      "x": 1416009600,
      "y": 5.03888256E+9
    },
    {
      "x": 1416182400,
      "y": 5113804134
    },
    {
      "x": 1416355200,
      "y": 5066365722
    },
    {
      "x": 1416528000,
      "y": 4827117112.5
    },
    {
      "x": 1416700800,
      "y": 4912198474
    },
    {
      "x": 1416873600,
      "y": 5159022365.25
    },
    {
      "x": 1417046400,
      "y": 5047706145.5
    },
    {
      "x": 1417219200,
      "y": 5112905893.5
    },
    {
      "x": 1417392000,
      "y": 5176753038
    },
    {
      "x": 1417564800,
      "y": 5132181106.25
    },
    {
      "x": 1417737600,
      "y": 5077030936.5
    },
    {
      "x": 1417910400,
      "y": 5103296365.5
    },
    {
      "x": 1418083200,
      "y": 4760292226.75
    },
    {
      "x": 1418256000,
      "y": 4.84199853E+9
    },
    {
      "x": 1418428800,
      "y": 4765766121.75
    },
    {
      "x": 1418601600,
      "y": 4793307332.5
    },
    {
      "x": 1418774400,
      "y": 4.33326351E+9
    },
    {
      "x": 1418947200,
      "y": 4327589638.75
    },
    {
      "x": 1419120000,
      "y": 4456636200.75
    },
    {
      "x": 1419292800,
      "y": 4595814288
    },
    {
      "x": 1419465600,
      "y": 4357639535.5
    },
    {
      "x": 1419638400,
      "y": 4293704692.5
    },
    {
      "x": 1419811200,
      "y": 4296892594.5
    },
    {
      "x": 1419984000,
      "y": 4339040505
    },
    {
      "x": 1420156800,
      "y": 4324528908.75
    },
    {
      "x": 1420329600,
      "y": 3708212136.75
    },
    {
      "x": 1420502400,
      "y": 3.79080368E+9
    },
    {
      "x": 1420675200,
      "y": 3.79276204E+9
    },
    {
      "x": 1420848000,
      "y": 3.811241E+9
    },
    {
      "x": 1421020800,
      "y": 3.70366425E+9
    },
    {
      "x": 1421193600,
      "y": 2422228637.5
    },
    {
      "x": 1421366400,
      "y": 2819635181.25
    },
    {
      "x": 1421539200,
      "y": 2901196119.5
    },
    {
      "x": 1421712000,
      "y": 2927526251
    },
    {
      "x": 1421884800,
      "y": 3216610342.5
    },
    {
      "x": 1422057600,
      "y": 3365806048
    },
    {
      "x": 1422230400,
      "y": 3736655601.7500005
    },
    {
      "x": 1422403200,
      "y": 3432695925
    },
    {
      "x": 1422576000,
      "y": 3170875530.75
    },
    {
      "x": 1422748800,
      "y": 3043276324
    },
    {
      "x": 1422921600,
      "y": 3.26265545E+9
    },
    {
      "x": 1423094400,
      "y": 3000292899
    },
    {
      "x": 1423267200,
      "y": 3109769195
    },
    {
      "x": 1423440000,
      "y": 3045448195.5
    },
    {
      "x": 1423612800,
      "y": 3069222640.5
    },
    {
      "x": 1423785600,
      "y": 3319054029
    },
    {
      "x": 1423958400,
      "y": 3376876497.75
    },
    {
      "x": 1424131200,
      "y": 3.3789242E+9
    },
    {
      "x": 1424304000,
      "y": 3347513318.25
    },
    {
      "x": 1424476800,
      "y": 3405774966.5
    },
    {
      "x": 1424649600,
      "y": 3288669462.75
    },
    {
      "x": 1424822400,
      "y": 3311229561.75
    },
    {
      "x": 1424995200,
      "y": 3.52701225E+9
    },
    {
      "x": 1425168000,
      "y": 3.43935108E+9
    },
    {
      "x": 1425340800,
      "y": 3.83378548E+9
    },
    {
      "x": 1425513600,
      "y": 3694216021.25
    },
    {
      "x": 1425686400,
      "y": 3838133075.5
    },
    {
      "x": 1425859200,
      "y": 4002310934.0000005
    },
    {
      "x": 1426032000,
      "y": 4085522367.7500005
    },
    {
      "x": 1426204800,
      "y": 4034835730.25
    },
    {
      "x": 1426377600,
      "y": 3954043366
    },
    {
      "x": 1426550400,
      "y": 4004115562.9999995
    },
    {
      "x": 1426723200,
      "y": 3637668805
    },
    {
      "x": 1426896000,
      "y": 3600557275.5
    },
    {
      "x": 1427068800,
      "y": 3717523388.25
    },
    {
      "x": 1427241600,
      "y": 3434680104
    },
    {
      "x": 1427414400,
      "y": 3477917244.75
    },
    {
      "x": 1427587200,
      "y": 3415687192.5
    },
    {
      "x": 1427760000,
      "y": 3401639125
    },
    {
      "x": 1427932800,
      "y": 3536772754
    },
    {
      "x": 1428105600,
      "y": 3557341515.75
    },
    {
      "x": 1428278400,
      "y": 3572161132.5
    },
    {
      "x": 1428451200,
      "y": 3450310038.25
    },
    {
      "x": 1428624000,
      "y": 3309144475.5
    },
    {
      "x": 1428796800,
      "y": 3325501365
    },
    {
      "x": 1428969600,
      "y": 3.0355236E+9
    },
    {
      "x": 1429142400,
      "y": 3228428497.5
    },
    {
      "x": 1429315200,
      "y": 3127275396
    },
    {
      "x": 1429488000,
      "y": 3161465083
    },
    {
      "x": 1429660800,
      "y": 3342138811
    },
    {
      "x": 1429833600,
      "y": 3253364933
    },
    {
      "x": 1430006400,
      "y": 3078777333.5
    },
    {
      "x": 1430179200,
      "y": 3140185113
    },
    {
      "x": 1430352000,
      "y": 3317590248
    },
    {
      "x": 1430524800,
      "y": 3305201503.5
    },
    {
      "x": 1430697600,
      "y": 3335594229
    },
    {
      "x": 1430870400,
      "y": 3331977963.75
    },
    {
      "x": 1431043200,
      "y": 3460059372
    },
    {
      "x": 1431216000,
      "y": 3385659603.75
    },
    {
      "x": 1431388800,
      "y": 3418066879
    },
    {
      "x": 1431561600,
      "y": 3374718444
    },
    {
      "x": 1431734400,
      "y": 3352520598.25
    },
    {
      "x": 1431907200,
      "y": 3351802886.25
    },
    {
      "x": 1432080000,
      "y": 3327208635
    },
    {
      "x": 1432252800,
      "y": 3412658925
    },
    {
      "x": 1432425600,
      "y": 3413660332.5
    },
    {
      "x": 1432598400,
      "y": 3351138399
    },
    {
      "x": 1432771200,
      "y": 3360445832
    },
    {
      "x": 1432944000,
      "y": 3285902376
    },
    {
      "x": 1433116800,
      "y": 3.16350656E+9
    },
    {
      "x": 1433289600,
      "y": 3220468764
    },
    {
      "x": 1433462400,
      "y": 3191604605
    },
    {
      "x": 1433635200,
      "y": 3.17135994E+9
    },
    {
      "x": 1433808000,
      "y": 3279954697.5
    },
    {
      "x": 1433980800,
      "y": 3.2660667E+9
    },
    {
      "x": 1434153600,
      "y": 3285158823
    },
    {
      "x": 1434326400,
      "y": 3375945331.5
    },
    {
      "x": 1434499200,
      "y": 3570341154
    },
    {
      "x": 1434672000,
      "y": 3522146336.25
    },
    {
      "x": 1434844800,
      "y": 3466817874.75
    },
    {
      "x": 1435017600,
      "y": 3489324384
    },
    {
      "x": 1435190400,
      "y": 3462594912
    },
    {
      "x": 1435363200,
      "y": 3558488937.5
    },
    {
      "x": 1435536000,
      "y": 3636186255
    },
    {
      "x": 1435708800,
      "y": 3696067023.7500005
    },
    {
      "x": 1435881600,
      "y": 3658574047.5
    },
    {
      "x": 1436054400,
      "y": 3887492037
    },
    {
      "x": 1436227200,
      "y": 3837098590.5
    },
    {
      "x": 1436400000,
      "y": 3888176093
    },
    {
      "x": 1436572800,
      "y": 4.218182E+9
    },
    {
      "x": 1436745600,
      "y": 4168493842.4999995
    },
    {
      "x": 1436918400,
      "y": 4.18572308E+9
    },
    {
      "x": 1437091200,
      "y": 4001221266
    },
    {
      "x": 1437264000,
      "y": 3975965187.7499995
    },
    {
      "x": 1437436800,
      "y": 4019420682.7500005
    },
    {
      "x": 1437609600,
      "y": 3987897004
    },
    {
      "x": 1437782400,
      "y": 4.14127532E+9
    },
    {
      "x": 1437955200,
      "y": 4196339601.7500005
    },
    {
      "x": 1438128000,
      "y": 4.19715567E+9
    },
    {
      "x": 1438300800,
      "y": 4113647099.9999995
    },
    {
      "x": 1438473600,
      "y": 4056819587.25
    },
    {
      "x": 1438646400,
      "y": 4.1211855E+9
    },
    {
      "x": 1438819200,
      "y": 4008791845.0000005
    },
    {
      "x": 1438992000,
      "y": 3906502563.25
    },
    {
      "x": 1439164800,
      "y": 3824307952.25
    },
    {
      "x": 1439337600,
      "y": 3881585457.75
    },
    {
      "x": 1439510400,
      "y": 3870433884.5
    },
    {
      "x": 1439683200,
      "y": 3734235455.2500005
    },
    {
      "x": 1439856000,
      "y": 3684437228
    },
    {
      "x": 1440028800,
      "y": 3386143924.25
    },
    {
      "x": 1440201600,
      "y": 3283490946
    },
    {
      "x": 1440374400,
      "y": 3.09912354E+9
    },
    {
      "x": 1440547200,
      "y": 3327522393
    },
    {
      "x": 1440720000,
      "y": 3406769556.75
    },
    {
      "x": 1440892800,
      "y": 3.29649732E+9
    },
    {
      "x": 1441065600,
      "y": 3325201108
    },
    {
      "x": 1441238400,
      "y": 3313827788
    },
    {
      "x": 1441411200,
      "y": 3421248063.25
    },
    {
      "x": 1441584000,
      "y": 3519832118.5
    },
    {
      "x": 1441756800,
      "y": 3503571468
    },
    {
      "x": 1441929600,
      "y": 3503433867
    },
    {
      "x": 1442102400,
      "y": 3357978768
    },
    {
      "x": 1442275200,
      "y": 3.3618755E+9
    },
    {
      "x": 1442448000,
      "y": 3.4220394E+9
    },
    {
      "x": 1442620800,
      "y": 3.37551801E+9
    },
    {
      "x": 1442793600,
      "y": 3316226688
    },
    {
      "x": 1442966400,
      "y": 3367629247.5
    },
    {
      "x": 1443139200,
      "y": 3454966027.75
    },
    {
      "x": 1443312000,
      "y": 3413610106.25
    },
    {
      "x": 1443484800,
      "y": 3486272414
    },
    {
      "x": 1443657600,
      "y": 3507186837
    },
    {
      "x": 1443830400,
      "y": 3511631462.75
    },
    {
      "x": 1444003200,
      "y": 3514153761
    },
    {
      "x": 1444176000,
      "y": 3604476037.5
    },
    {
      "x": 1444348800,
      "y": 3599220642
    },
    {
      "x": 1444521600,
      "y": 3.64959791E+9
    },
    {
      "x": 1444694400,
      "y": 3673374595.5
    },
    {
      "x": 1444867200,
      "y": 3751179453
    },
    {
      "x": 1445040000,
      "y": 3964275577.5
    },
    {
      "x": 1445212800,
      "y": 3893975956.0000005
    },
    {
      "x": 1445385600,
      "y": 3968626252.5000005
    },
    {
      "x": 1445558400,
      "y": 4093632236.5
    },
    {
      "x": 1445731200,
      "y": 4355203129
    },
    {
      "x": 1445904000,
      "y": 4353353674.5
    },
    {
      "x": 1446076800,
      "y": 4.58642249E+9
    },
    {
      "x": 1446249600,
      "y": 4597154298
    },
    {
      "x": 1446422400,
      "y": 5039912342.5
    },
    {
      "x": 1446595200,
      "y": 6468809828.75
    },
    {
      "x": 1446768000,
      "y": 5751218425.5
    },
    {
      "x": 1446940800,
      "y": 5652375858
    },
    {
      "x": 1447113600,
      "y": 5241134019
    },
    {
      "x": 1447286400,
      "y": 4.91800105E+9
    },
    {
      "x": 1447459200,
      "y": 4.92509729E+9
    },
    {
      "x": 1447632000,
      "y": 4889455205
    },
    {
      "x": 1447804800,
      "y": 4968286239
    },
    {
      "x": 1447977600,
      "y": 4765094517.5
    },
    {
      "x": 1448150400,
      "y": 4793345255.25
    },
    {
      "x": 1448323200,
      "y": 4777558597.5
    },
    {
      "x": 1448496000,
      "y": 5.1805455E+9
    },
    {
      "x": 1448668800,
      "y": 5.27068872E+9
    },
    {
      "x": 1448841600,
      "y": 5551320987.75
    },
    {
      "x": 1449014400,
      "y": 5382265947
    },
    {
      "x": 1449187200,
      "y": 5383391312
    },
    {
      "x": 1449360000,
      "y": 5821698036
    },
    {
      "x": 1449532800,
      "y": 5898642413.5
    },
    {
      "x": 1449705600,
      "y": 6210898129
    },
    {
      "x": 1449878400,
      "y": 6370246741.5
    },
    {
      "x": 1450051200,
      "y": 6.66602004E+9
    },
    {
      "x": 1450224000,
      "y": 6802214980.25
    },
    {
      "x": 1450396800,
      "y": 6873533517.5
    },
    {
      "x": 1450569600,
      "y": 6518066555
    },
    {
      "x": 1450742400,
      "y": 6536266657.5
    },
    {
      "x": 1450915200,
      "y": 6809238651.25
    },
    {
      "x": 1451088000,
      "y": 6273183470.25
    },
    {
      "x": 1451260800,
      "y": 6366854662.5
    },
    {
      "x": 1451433600,
      "y": 6.4307E+9
    },
    {
      "x": 1451606400,
      "y": 6498773751.75
    },
    {
      "x": 1451779200,
      "y": 6438700586.25
    },
    {
      "x": 1451952000,
      "y": 6499047642.5
    },
    {
      "x": 1452124800,
      "y": 6830411223.25
    },
    {
      "x": 1452297600,
      "y": 6780575688.75
    },
    {
      "x": 1452470400,
      "y": 6738584831.75
    },
    {
      "x": 1452643200,
      "y": 6477765250.5
    },
    {
      "x": 1452816000,
      "y": 5907989110.5
    },
    {
      "x": 1452988800,
      "y": 5817587213.75
    },
    {
      "x": 1453161600,
      "y": 5718173059.5
    },
    {
      "x": 1453334400,
      "y": 6.1640946E+9
    },
    {
      "x": 1453507200,
      "y": 5872828237.5
    },
    {
      "x": 1453680000,
      "y": 5854794313.5
    },
    {
      "x": 1453852800,
      "y": 5969251295
    },
    {
      "x": 1454025600,
      "y": 5712112523
    },
    {
      "x": 1454198400,
      "y": 5709410157
    },
    {
      "x": 1454371200,
      "y": 5661377906
    },
    {
      "x": 1454544000,
      "y": 5840368670.5
    },
    {
      "x": 1454716800,
      "y": 5661516168
    },
    {
      "x": 1454889600,
      "y": 5706626345
    },
    {
      "x": 1455062400,
      "y": 5758117900.5
    },
    {
      "x": 1455235200,
      "y": 5.79914565E+9
    },
    {
      "x": 1455408000,
      "y": 6120531763.5
    },
    {
      "x": 1455580800,
      "y": 6189110092.5
    },
    {
      "x": 1455753600,
      "y": 6379341962.5
    },
    {
      "x": 1455926400,
      "y": 6694895489
    },
    {
      "x": 1456099200,
      "y": 6682772887.5
    },
    {
      "x": 1456272000,
      "y": 6450804727.5
    },
    {
      "x": 1456444800,
      "y": 6472839926
    },
    {
      "x": 1456617600,
      "y": 6615142323
    },
    {
      "x": 1456790400,
      "y": 6593564428.25
    },
    {
      "x": 1456963200,
      "y": 6437380104
    },
    {
      "x": 1457136000,
      "y": 6.1282825E+9
    },
    {
      "x": 1457308800,
      "y": 6298500809
    },
    {
      "x": 1457481600,
      "y": 6319324957.5
    },
    {
      "x": 1457654400,
      "y": 6446951118.5
    },
    {
      "x": 1457827200,
      "y": 6315415323
    },
    {
      "x": 1458000000,
      "y": 6354388122
    },
    {
      "x": 1458172800,
      "y": 6416715066
    },
    {
      "x": 1458345600,
      "y": 6219459016.5
    },
    {
      "x": 1458518400,
      "y": 6297439974.75
    },
    {
      "x": 1458691200,
      "y": 6412718195
    },
    {
      "x": 1458864000,
      "y": 6394925517
    },
    {
      "x": 1459036800,
      "y": 6.55721649E+9
    },
    {
      "x": 1459209600,
      "y": 6.36379065E+9
    },
    {
      "x": 1459382400,
      "y": 6411943060.5
    },
    {
      "x": 1459555200,
      "y": 6432320502.5
    },
    {
      "x": 1459728000,
      "y": 6449733039.75
    },
    {
      "x": 1459900800,
      "y": 6485259726.25
    },
    {
      "x": 1460073600,
      "y": 6.50538426E+9
    },
    {
      "x": 1460246400,
      "y": 6500143221
    },
    {
      "x": 1460419200,
      "y": 6569044479.75
    },
    {
      "x": 1460592000,
      "y": 6539602042
    },
    {
      "x": 1460764800,
      "y": 6630195220.75
    },
    {
      "x": 1460937600,
      "y": 6600076658
    },
    {
      "x": 1461110400,
      "y": 6836596928.5
    },
    {
      "x": 1461283200,
      "y": 6915770843.75
    },
    {
      "x": 1461456000,
      "y": 7106814635
    },
    {
      "x": 1461628800,
      "y": 7242797765.5
    },
    {
      "x": 1461801600,
      "y": 6.96749625E+9
    },
    {
      "x": 1461974400,
      "y": 6927076932.25
    },
    {
      "x": 1462147200,
      "y": 6879884027.5
    },
    {
      "x": 1462320000,
      "y": 6937221194.75
    },
    {
      "x": 1462492800,
      "y": 7150834286
    },
    {
      "x": 1462665600,
      "y": 7.10651095E+9
    },
    {
      "x": 1462838400,
      "y": 6.98884875E+9
    },
    {
      "x": 1463011200,
      "y": 7064935352.5
    },
    {
      "x": 1463184000,
      "y": 7083067858.75
    },
    {
      "x": 1463356800,
      "y": 7074282388
    },
    {
      "x": 1463529600,
      "y": 7046818292.5
    },
    {
      "x": 1463702400,
      "y": 6868519562.5
    },
    {
      "x": 1463875200,
      "y": 6.82148865E+9
    },
    {
      "x": 1464048000,
      "y": 6939443749
    },
    {
      "x": 1464220800,
      "y": 7053945795.75
    },
    {
      "x": 1464393600,
      "y": 8147805219.249999
    },
    {
      "x": 1464566400,
      "y": 8194046737.5
    },
    {
      "x": 1464739200,
      "y": 8.4211267E+9
    },
    {
      "x": 1464912000,
      "y": 8.870456E+9
    },
    {
      "x": 1465084800,
      "y": 8968617634.5
    },
    {
      "x": 1465257600,
      "y": 9028090841.5
    },
    {
      "x": 1465430400,
      "y": 9023950503
    },
    {
      "x": 1465603200,
      "y": 9376115184
    },
    {
      "x": 1465776000,
      "y": 11010699782.5
    },
    {
      "x": 1465948800,
      "y": 10889771217.5
    },
    {
      "x": 1466121600,
      "y": 11680772866.25
    },
    {
      "x": 1466294400,
      "y": 12010449024
    },
    {
      "x": 1466467200,
      "y": 10539955718.75
    },
    {
      "x": 1466640000,
      "y": 9820115706.5
    },
    {
      "x": 1466812800,
      "y": 10441035606.25
    },
    {
      "x": 1466985600,
      "y": 10188941395.5
    },
    {
      "x": 1467158400,
      "y": 10063752006
    },
    {
      "x": 1467331200,
      "y": 10608368893.75
    },
    {
      "x": 1467504000,
      "y": 10380054345
    },
    {
      "x": 1467676800,
      "y": 10505010226
    },
    {
      "x": 1467849600,
      "y": 10012128070.5
    },
    {
      "x": 1468022400,
      "y": 10262295285.625
    },
    {
      "x": 1468195200,
      "y": 10240153706.75
    },
    {
      "x": 1468368000,
      "y": 10366219391.25
    },
    {
      "x": 1468540800,
      "y": 10514437454.25
    },
    {
      "x": 1468713600,
      "y": 1.07214612E+10
    },
    {
      "x": 1468886400,
      "y": 10660891360.5
    },
    {
      "x": 1469059200,
      "y": 10488529407.375
    },
    {
      "x": 1469232000,
      "y": 10320160372.5
    },
    {
      "x": 1469404800,
      "y": 10327136946.75
    },
    {
      "x": 1469577600,
      "y": 10351333852.625
    },
    {
      "x": 1469750400,
      "y": 10402588176.75
    },
    {
      "x": 1469923200,
      "y": 9858709806.75
    },
    {
      "x": 1470096000,
      "y": 9538466775.75
    },
    {
      "x": 1470268800,
      "y": 9098417671.75
    },
    {
      "x": 1470441600,
      "y": 9309397508
    },
    {
      "x": 1470614400,
      "y": 9.54737763E+9
    },
    {
      "x": 1470787200,
      "y": 9306805453.125
    },
    {
      "x": 1470960000,
      "y": 9241807137.5
    },
    {
      "x": 1471132800,
      "y": 8.99588484E+9
    },
    {
      "x": 1471305600,
      "y": 9.11178E+9
    },
    {
      "x": 1471478400,
      "y": 9055705733.25
    },
    {
      "x": 1471651200,
      "y": 9205418289.375
    },
    {
      "x": 1471824000,
      "y": 9309383328
    },
    {
      "x": 1471996800,
      "y": 9186966577.5
    },
    {
      "x": 1472169600,
      "y": 9154182799.125
    },
    {
      "x": 1472342400,
      "y": 9098184553.25
    },
    {
      "x": 1472515200,
      "y": 9173160323.25
    },
    {
      "x": 1472688000,
      "y": 9.0653134E+9
    },
    {
      "x": 1472860800,
      "y": 9.65826848E+9
    },
    {
      "x": 1473033600,
      "y": 9709692792.25
    },
    {
      "x": 1473206400,
      "y": 9819424903.75
    },
    {
      "x": 1473379200,
      "y": 9943784235
    },
    {
      "x": 1473552000,
      "y": 9682890146.875
    },
    {
      "x": 1473724800,
      "y": 9.74363943E+9
    },
    {
      "x": 1473897600,
      "y": 9723634531.875
    },
    {
      "x": 1474070400,
      "y": 9658620486.125
    },
    {
      "x": 1474243200,
      "y": 9679951822.5
    },
    {
      "x": 1474416000,
      "y": 9500151312.75
    },
    {
      "x": 1474588800,
      "y": 9592952323.5
    },
    {
      "x": 1474761600,
      "y": 9541084296.25
    },
    {
      "x": 1474934400,
      "y": 9602149537.5
    },
    {
      "x": 1475107200,
      "y": 9631379511
    },
    {
      "x": 1475280000,
      "y": 9.76724944E+9
    },
    {
      "x": 1475452800,
      "y": 9750081669
    },
    {
      "x": 1475625600,
      "y": 9762755868.75
    },
    {
      "x": 1475798400,
      "y": 9867115218.875
    },
    {
      "x": 1475971200,
      "y": 9.80231824E+9
    },
    {
      "x": 1476144000,
      "y": 10207866900.75
    },
    {
      "x": 1476316800,
      "y": 10152546965.625
    },
    {
      "x": 1476489600,
      "y": 10189651485
    },
    {
      "x": 1476662400,
      "y": 10182607559.25
    },
    {
      "x": 1476835200,
      "y": 10065628111.25
    },
    {
      "x": 1477008000,
      "y": 10128718512
    },
    {
      "x": 1477180800,
      "y": 10504485907.75
    },
    {
      "x": 1477353600,
      "y": 10491018708.625
    },
    {
      "x": 1477526400,
      "y": 10933937742.5
    },
    {
      "x": 1477699200,
      "y": 11433877548
    },
    {
      "x": 1477872000,
      "y": 11251559127.375
    },
    {
      "x": 1478044800,
      "y": 11811455982
    },
    {
      "x": 1478217600,
      "y": 11304928421.875
    },
    {
      "x": 1478390400,
      "y": 11416026125
    },
    {
      "x": 1478563200,
      "y": 1.137155502E+10
    },
    {
      "x": 1478736000,
      "y": 11422773691.875
    },
    {
      "x": 1478908800,
      "y": 11243845495.5
    },
    {
      "x": 1479081600,
      "y": 11300322593.75
    },
    {
      "x": 1479254400,
      "y": 11832832521.125
    },
    {
      "x": 1479427200,
      "y": 11978185824
    },
    {
      "x": 1479600000,
      "y": 11678347786.5
    },
    {
      "x": 1479772800,
      "y": 11968547386.5
    },
    {
      "x": 1479945600,
      "y": 11801298448.5
    },
    {
      "x": 1480118400,
      "y": 11718620057.375
    },
    {
      "x": 1480291200,
      "y": 11713912056
    },
    {
      "x": 1480464000,
      "y": 11847589975
    },
    {
      "x": 1480636800,
      "y": 12394634059
    },
    {
      "x": 1480809600,
      "y": 12265688032
    },
    {
      "x": 1480982400,
      "y": 12112303227.375
    },
    {
      "x": 1481155200,
      "y": 1.23127872E+10
    },
    {
      "x": 1481328000,
      "y": 12395528462.5
    },
    {
      "x": 1481500800,
      "y": 12460596315
    },
    {
      "x": 1481673600,
      "y": 12425971506.25
    },
    {
      "x": 1481846400,
      "y": 12573714999.375
    },
    {
      "x": 1482019200,
      "y": 12685169466
    },
    {
      "x": 1482192000,
      "y": 12756094676
    },
    {
      "x": 1482364800,
      "y": 13815565559.25
    },
    {
      "x": 1482537600,
      "y": 14365259143.75
    },
    {
      "x": 1482710400,
      "y": 14514728615.25
    },
    {
      "x": 1482883200,
      "y": 15706536997.5
    },
    {
      "x": 1483056000,
      "y": 15333684493.5
    },
    {
      "x": 1483228800,
      "y": 1.614487487E+10
    },
    {
      "x": 1483401600,
      "y": 16604032593.75
    },
    {
      "x": 1483574400,
      "y": 1.60207098E+10
    },
    {
      "x": 1483747200,
      "y": 14507903240.25
    },
    {
      "x": 1483920000,
      "y": 1.44833175E+10
    },
    {
      "x": 1484092800,
      "y": 12637835230.875
    },
    {
      "x": 1484265600,
      "y": 13333156411.5
    },
    {
      "x": 1484438400,
      "y": 13217812515
    },
    {
      "x": 1484611200,
      "y": 14562228011.625
    },
    {
      "x": 1484784000,
      "y": 14500148590.125
    },
    {
      "x": 1484956800,
      "y": 14894193301.25
    },
    {
      "x": 1485129600,
      "y": 14863942325
    },
    {
      "x": 1485302400,
      "y": 14391685218.75
    },
    {
      "x": 1485475200,
      "y": 14801282964
    },
    {
      "x": 1485648000,
      "y": 14735246803.125
    },
    {
      "x": 1485820800,
      "y": 15554584256
    },
    {
      "x": 1485993600,
      "y": 16260607102.5
    },
    {
      "x": 1486166400,
      "y": 16666302847.5
    },
    {
      "x": 1486339200,
      "y": 16511713437.5
    },
    {
      "x": 1486512000,
      "y": 16925772491.250002
    },
    {
      "x": 1486684800,
      "y": 16112416198.75
    },
    {
      "x": 1486857600,
      "y": 16104421019.75
    },
    {
      "x": 1487030400,
      "y": 1.637057004E+10
    },
    {
      "x": 1487203200,
      "y": 1.676225664E+10
    },
    {
      "x": 1487376000,
      "y": 17138105285
    },
    {
      "x": 1487548800,
      "y": 1.771442192E+10
    },
    {
      "x": 1487721600,
      "y": 18237515765
    },
    {
      "x": 1487894400,
      "y": 19102806731.25
    },
    {
      "x": 1488067200,
      "y": 19133795677.5
    },
    {
      "x": 1488240000,
      "y": 19241800143.75
    },
    {
      "x": 1488412800,
      "y": 2.038793125E+10
    },
    {
      "x": 1488585600,
      "y": 20515484347.5
    },
    {
      "x": 1488758400,
      "y": 2.070799038E+10
    },
    {
      "x": 1488931200,
      "y": 18785978288.75
    },
    {
      "x": 1489104000,
      "y": 17733596763.75
    },
    {
      "x": 1489276800,
      "y": 19853444812.5
    },
    {
      "x": 1489449600,
      "y": 20209938485
    },
    {
      "x": 1489622400,
      "y": 1.910024512E+10
    },
    {
      "x": 1489795200,
      "y": 1.529553937E+10
    },
    {
      "x": 1489968000,
      "y": 16908833575
    },
    {
      "x": 1490140800,
      "y": 1.655891721E+10
    },
    {
      "x": 1490313600,
      "y": 1.520579466E+10
    },
    {
      "x": 1490486400,
      "y": 15443296850.875
    },
    {
      "x": 1490659200,
      "y": 16971709882.500002
    },
    {
      "x": 1490832000,
      "y": 1.6896048E+10
    },
    {
      "x": 1491004800,
      "y": 17720120643.75
    },
    {
      "x": 1491177600,
      "y": 18556863561.25
    },
    {
      "x": 1491350400,
      "y": 1.846991853E+10
    },
    {
      "x": 1491523200,
      "y": 19415828025
    },
    {
      "x": 1491696000,
      "y": 19815481983.75
    },
    {
      "x": 1491868800,
      "y": 20153773955
    },
    {
      "x": 1492041600,
      "y": 19349213565
    },
    {
      "x": 1492214400,
      "y": 19498363475
    },
    {
      "x": 1492387200,
      "y": 20183091637.5
    },
    {
      "x": 1492560000,
      "y": 20638607437.5
    },
    {
      "x": 1492732800,
      "y": 21588070556.25
    },
    {
      "x": 1492905600,
      "y": 22086609057.5
    },
    {
      "x": 1493078400,
      "y": 20846606998.605473
    },
    {
      "x": 1493251200,
      "y": 21926056741.283905
    },
    {
      "x": 1493424000,
      "y": 21762127405.33031
    },
    {
      "x": 1493596800,
      "y": 23107339286.35547
    }
  ]
}