{
  "nodes" :[{"name" : "19pPWZm8FNjFXbpv1aVUUcYHU3AyYZKRho", "value" : 1.00685415},
    {"name" : "1K7om4MNURtifHfeG31Jed8bxiZXZKz699", "value" : 1},
    {"name" : "1Doxyb43pN5cuMVJUxmGvSn24aDHVL8T5n", "value" : 1.01355553},
    {"name" : "1C6ztdwiEjTNRLgTezL2nztQpgs2pAYvi5", "value" : 299.656447},
    {"name" : "1VayNert3x1KzbpzMGt2qdqrAThiRovi8", "value" : 2.01981492},
    {"name" : "1JCgvTRpKj1LeWNmmFbi2nHvo1zNR5wei8", "value" : 46.83378571},
    {"name" : "1A66TFRPWrFay45LHJmJMebWPKBcd7EhoW", "value" : 25},
    {"name" : "1NFEJuBcPEEHJfykhZMUXCzq6dV53DA6et", "value" : 93.11},
    {"name" : "15RuRc3HsxEW2HmChK8S1bshJiMgRh513v", "value" : 1.23123836},
    {"name" : "1BjKijqn7CdUyCugNGzLVC4DMyAsyWDSpX", "value" : 14.96560094},
    {"name" : "1CPbNrobESuqSZt7KkSBDKAs2xTPhoMuEy", "value" : 42.02194717},
    {"name" : "1J19GEKugB7scJSEfmzdh55aywxRDjkwX5", "value" : 5.682078},
    {"name" : "19znsHVegVr8zB1LJph6Z8CTwR9DZ52FnS", "value" : 3.75},
    {"name" : "1CsxUUBm1eWivxxhNpNbkU9L91oBpRCFMf", "value" : 3.3476},
    {"name" : "1NnJHSA4xb5cwxsH5nC6K748NY8mFati9n", "value" : 24.3700906},
    {"name" : "1E1y1AJECXMdSN3ULngYfFvRsg6w5Uj3hx", "value" : 5.9995},
    {"name" : "1JCW7uoa2DDjTELM9sjkDwaiYCmi2rg2cT", "value" : 19.949099},
    {"name" : "1D6KJuEbWNYjtyTUuCLYiSTQxEkpbb4SNM", "value" : 6.42233623},
    {"name" : "1HfnAcTs5wN1uBAbHM7b9r4tuuv1zRJiLp", "value" : 3.4478},
    {"name" : "19KsEtJ8moCQXByDpcbJtbKsJk7xtmNNGx", "value" : 2.98274},
    {"name" : "1CjE2XhnGqaJgHAEADcjLx9Yq7j4vLqAL5", "value" : 1.1195},
    {"name" : "1H3dpG7cHUyjrdJmVkNCkWbwfzft73jKF4", "value" : 1.0195},
    {"name" : "1Fm5Exmqcosrguv88UwsAGkQx6vXtAMfSj", "value" : 1.13082555},
    {"name" : "1BB2ZWw6RcpYieodiahuD8B3A4js3uMsiQ", "value" : 0.029},
    {"name" : "1NXopvMGYMrMWQd6rn8NwDneNzzRF95u9G", "value" : 0.17265964},
    {"name" : "1CovXUoqdMq12oUspgTXVuDUmLufN3omMS", "value" : 2.15919109},
    {"name" : "1Fa12zNVPo5HGxJZtQEyh85uiBhLejSAzA", "value" : 0.95237712},
    {"name" : "1PHy1Gw48usjU3WvvJyUkeJNHRBM7iRhb1", "value" : 0.61019343},
    {"name" : "1BoDhydHdmT6nLE88YL2cTxpFneQ4cs1wR", "value" : 0.57589958},
    {"name" : "1QACKhKE9c7s25XvTWqyyCmZGcX4jvybLN", "value" : 0.03815821},
    {"name" : "1FEizRvX9aELvsAHTSM8oFL3jzfkUcYrRo", "value" : 0.50685415},
    {"name" : "12yizEE5GYbLteyJzxYvx2Jgf818WPduw4", "value" : 0.5},
    {"name" : "1Gho3ouHZBLA5RvsGxmVN7ghf32u3xKKAQ", "value" : 0.698},
    {"name" : "13RvTWMG8jTLRAuuRGwDJtV8P5KnaUxRnK", "value" : 0.302},
    {"name" : "1EnnyaoxobBKorwvWzr33RchkQ2cKJyNcr", "value" : 0.03},
    {"name" : "1CJnZLT9FdqukRVR8BtojeK7aiGj64F7h2", "value" : 0.98355553},
    {"name" : "17RcEQZ6q85ZJa1YKatwiZC4ZdstZxgNWX", "value" : 10},
    {"name" : "1C6EofXZWxeyrCUQDJGsHMpePLUHy1DoD3", "value" : 289.656447},
    {"name" : "1g59VCbZs52FEEcc3KU5yc3aSAEBh6V9S", "value" : 0.57},
    {"name" : "16kssRqPDx3vZB86FtqWxqa2q3cKmRwCs", "value" : 46.42839951},
    {"name" : "12S6fiKJ2F8z76BpSzrdAWmexvzfrRriym", "value" : 0.4053862},
    {"name" : "1KpZKet3WXBpbrUpvbAPkUDFWLTxgt2iXj", "value" : 25},
    {"name" : "1DF2ETfsKDxwGKMPMgX7MEHnDPnBRnPck3", "value" : 51.56},
    {"name" : "1KroVv2zwNb1L2q8RMtvxYpBrjPLoechKy", "value" : 41.55},
    {"name" : "1PSAT91NdpRMDJm7MLvWsq5XVK8vee6TD9", "value" : 0.86},
    {"name" : "1QJf79NdcT5jo7n2wks2E9LvM9PBHBVkdY", "value" : 0.56301834},
    {"name" : "1Zgix4bJdi5qgMeKYsuMb8nkEXmkxKTZz", "value" : 0.83123836},
    {"name" : "18r1mFHUjwLtsfJFFC26mK5oZ7Bsrm5Z1i", "value" : 0.4},
    {"name" : "19vFcGXbN4nYnPvnQTHUwu9heVBkHQzYYM", "value" : 14.93690095},
    {"name" : "1PbsseShy5Giw9kX5QRBFBdbSdfnm2uNmD", "value" : 0.02869999},
    {"name" : "1MQdpyRr7oQWjkLodFn8Zx5V5Wu4ogCUgN", "value" : 41.48874375},
    {"name" : "14vpb8VMncm6FcjBwKz3p4rVFSyAvyDdou", "value" : 1.397588},
    {"name" : "1Fo77RjJGzyVu1oNNrj4tBvCy8GbPP2ML", "value" : 4.28449},
    {"name" : "19Tbxiv7EtG4LzUifPosEvRJFh8hMjKj1u", "value" : 2.76},
    {"name" : "1CYdja5BrSmEUjJjp1mNxteZ9NCtX1cyVc", "value" : 0.99},
    {"name" : "12tj8zzNLRgc9mX9nLeCD1fDrCHg9FH21v", "value" : 1.2255},
    {"name" : "1EQzFtrPKuTgCtpw4bpDWTKGYNpHmgnmmu", "value" : 2.1221},
    {"name" : "1JyNRcNruENDwJvZLC6P5qscVhBGB5g418", "value" : 12.5779206},
    {"name" : "17FGiTsV7MqDAtTNqZQ3JJWPmGrNAxHJfe", "value" : 11.79217},
    {"name" : "1BjTihpjhPiPWsrRH7JcYvAuSKvuc7NuMv", "value" : 0.07492},
    {"name" : "1Q6QKxHTfL4TGFuAi4CS5gZxAsTsGvBPCw", "value" : 5.92458},
    {"name" : "1KWNXc6UnrqtiCBt1KLrEytwUCKxi7ZNM6", "value" : 19.82557},
    {"name" : "1JhCz5bKjxFj3irouwQJEGMi4cEyhQJqTe", "value" : 0.123529},
    {"name" : "12tDKHiAtdVtw8jNwF35JAyv7fAzdd95qQ", "value" : 5.76653526},
    {"name" : "193DQg3ndqgqezXnQD9pNJnhseReQpxGsH", "value" : 0.65580097},
    {"name" : "1ATL5VjEgeV5eKD7LLK3VqetJ9DhFjmVvi", "value" : 1.9478},
    {"name" : "1AXFUbc5kfZVq4h4Ww7u1xz2bgJxgjhThz", "value" : 1.5},
    {"name" : "1B5Mm6SGbnhHuNW91FihwoMEmMC6LNMaEd", "value" : 1.46127},
    {"name" : "17A6jQetPUdqSmXKfHn3faquW81VorEvDu", "value" : 1.52147},
    {"name" : "1Cj3HDGYyTiDTK2j5inknC8yrNNtqaAZS9", "value" : 0.1195},
    {"name" : "13gD9PGR1kcTeZJjgmZEiR5KqqqYUGmQhg", "value" : 0.75},
    {"name" : "19h49QNfTCb6EhePiqXL8V2LDDpR7oWtt9", "value" : 0.0195},
    {"name" : "1QC6omfA1H36xVepqjSxkERmAFTqsWm2ff", "value" : 1},
    {"name" : "1KoYtMfLzWXxtw8cD4KgshFcijVu1G2eEF", "value" : 0.27783885},
    {"name" : "1KQ5iMrvNgc9KNUg8AerZ8Wrhuvz9CZJDP", "value" : 0.8529867},
    {"name" : "17zVsnrsyBij2HndhbNeYeaPVaUX5ow7RQ", "value" : 0.029},
    {"name" : "18KYN5sNMUFZHBCmPZYx7YyoYUfGYohVUS", "value" : 0.31},
    {"name" : "1PdbfMjvTRrrGZoqEikv31SJ5PsimzR4eH", "value" : 0.14714901},
    {"name" : "195FFFdhusTNKkW2WdXQ7QSCJRQ2N87oES", "value" : 0.02551063},
    {"name" : "1MFrkow8KxTgQzVZf75kJo4ii1VCeGJbLa", "value" : 1.15244987},
    {"name" : "1H3B2q6tZf7dNGZvBUvEMhFy1sqA69jbPn", "value" : 1.00674122},
    {"name" : "1JsRbq41NTHdsNbnRApg2jhXUmYnMbi8si", "value" : 0.91343838},
    {"name" : "1PePriCHjWsNYRosCyQPJZQVZTHAC2q3bF", "value" : 0.07787748},
    {"name" : "12mKFaHLKW9yP15GuTFshWpUJF8AaJctW8", "value" : 0.57125469},
    {"name" : "16LBEWtbA5nJfPp6XVXa3xEXGHd1oZDigF", "value" : 0.35176616},
    {"name" : "1ArtSE5oMcKYPojxE3KSu354UKKyrzS8Md", "value" : 0.22413342},
    {"name" : "1KMdLa8ghqKcz4BenrUBmdnxwG88WojTLR", "value" : 0.03815821}],

  "links" :[{"source": "19pPWZm8FNjFXbpv1aVUUcYHU3AyYZKRho", "target": "1FEizRvX9aELvsAHTSM8oFL3jzfkUcYrRo"},
    {"source": "19pPWZm8FNjFXbpv1aVUUcYHU3AyYZKRho", "target": "12yizEE5GYbLteyJzxYvx2Jgf818WPduw4"},
    {"source": "1K7om4MNURtifHfeG31Jed8bxiZXZKz699", "target": "1Gho3ouHZBLA5RvsGxmVN7ghf32u3xKKAQ"},
    {"source": "1K7om4MNURtifHfeG31Jed8bxiZXZKz699", "target": "13RvTWMG8jTLRAuuRGwDJtV8P5KnaUxRnK"},
    {"source": "1Doxyb43pN5cuMVJUxmGvSn24aDHVL8T5n", "target": "1EnnyaoxobBKorwvWzr33RchkQ2cKJyNcr"},
    {"source": "1Doxyb43pN5cuMVJUxmGvSn24aDHVL8T5n", "target": "1CJnZLT9FdqukRVR8BtojeK7aiGj64F7h2"},
    {"source": "1C6ztdwiEjTNRLgTezL2nztQpgs2pAYvi5", "target": "17RcEQZ6q85ZJa1YKatwiZC4ZdstZxgNWX"},
    {"source": "1C6ztdwiEjTNRLgTezL2nztQpgs2pAYvi5", "target": "1C6EofXZWxeyrCUQDJGsHMpePLUHy1DoD3"},
    {"source": "1VayNert3x1KzbpzMGt2qdqrAThiRovi8", "target": "1g59VCbZs52FEEcc3KU5yc3aSAEBh6V9S"},
    {"source": "1JCgvTRpKj1LeWNmmFbi2nHvo1zNR5wei8", "target": "16kssRqPDx3vZB86FtqWxqa2q3cKmRwCs"},
    {"source": "1JCgvTRpKj1LeWNmmFbi2nHvo1zNR5wei8", "target": "12S6fiKJ2F8z76BpSzrdAWmexvzfrRriym"},
    {"source": "1A66TFRPWrFay45LHJmJMebWPKBcd7EhoW", "target": "1KpZKet3WXBpbrUpvbAPkUDFWLTxgt2iXj"},
    {"source": "1NFEJuBcPEEHJfykhZMUXCzq6dV53DA6et", "target": "1DF2ETfsKDxwGKMPMgX7MEHnDPnBRnPck3"},
    {"source": "1NFEJuBcPEEHJfykhZMUXCzq6dV53DA6et", "target": "1KroVv2zwNb1L2q8RMtvxYpBrjPLoechKy"},
    {"source": "1VayNert3x1KzbpzMGt2qdqrAThiRovi8", "target": "1PSAT91NdpRMDJm7MLvWsq5XVK8vee6TD9"},
    {"source": "1VayNert3x1KzbpzMGt2qdqrAThiRovi8", "target": "1QJf79NdcT5jo7n2wks2E9LvM9PBHBVkdY"},
    {"source": "1VayNert3x1KzbpzMGt2qdqrAThiRovi8", "target": "1CjE2XhnGqaJgHAEADcjLx9Yq7j4vLqAL5"},
    {"source": "15RuRc3HsxEW2HmChK8S1bshJiMgRh513v", "target": "1Zgix4bJdi5qgMeKYsuMb8nkEXmkxKTZz"},
    {"source": "15RuRc3HsxEW2HmChK8S1bshJiMgRh513v", "target": "18r1mFHUjwLtsfJFFC26mK5oZ7Bsrm5Z1i"},
    {"source": "1BjKijqn7CdUyCugNGzLVC4DMyAsyWDSpX", "target": "19vFcGXbN4nYnPvnQTHUwu9heVBkHQzYYM"},
    {"source": "1BjKijqn7CdUyCugNGzLVC4DMyAsyWDSpX", "target": "1PbsseShy5Giw9kX5QRBFBdbSdfnm2uNmD"},
    {"source": "1CPbNrobESuqSZt7KkSBDKAs2xTPhoMuEy", "target": "1MQdpyRr7oQWjkLodFn8Zx5V5Wu4ogCUgN"},
    {"source": "1CPbNrobESuqSZt7KkSBDKAs2xTPhoMuEy", "target": "1QJf79NdcT5jo7n2wks2E9LvM9PBHBVkdY"},
    {"source": "1J19GEKugB7scJSEfmzdh55aywxRDjkwX5", "target": "14vpb8VMncm6FcjBwKz3p4rVFSyAvyDdou"},
    {"source": "1J19GEKugB7scJSEfmzdh55aywxRDjkwX5", "target": "1Fo77RjJGzyVu1oNNrj4tBvCy8GbPP2ML"},
    {"source": "19znsHVegVr8zB1LJph6Z8CTwR9DZ52FnS", "target": "19Tbxiv7EtG4LzUifPosEvRJFh8hMjKj1u"},
    {"source": "19znsHVegVr8zB1LJph6Z8CTwR9DZ52FnS", "target": "1CYdja5BrSmEUjJjp1mNxteZ9NCtX1cyVc"},
    {"source": "1CsxUUBm1eWivxxhNpNbkU9L91oBpRCFMf", "target": "12tj8zzNLRgc9mX9nLeCD1fDrCHg9FH21v"},
    {"source": "1CsxUUBm1eWivxxhNpNbkU9L91oBpRCFMf", "target": "1EQzFtrPKuTgCtpw4bpDWTKGYNpHmgnmmu"},
    {"source": "1NnJHSA4xb5cwxsH5nC6K748NY8mFati9n", "target": "1JyNRcNruENDwJvZLC6P5qscVhBGB5g418"},
    {"source": "1NnJHSA4xb5cwxsH5nC6K748NY8mFati9n", "target": "17FGiTsV7MqDAtTNqZQ3JJWPmGrNAxHJfe"},
    {"source": "1E1y1AJECXMdSN3ULngYfFvRsg6w5Uj3hx", "target": "1BjTihpjhPiPWsrRH7JcYvAuSKvuc7NuMv"},
    {"source": "1E1y1AJECXMdSN3ULngYfFvRsg6w5Uj3hx", "target": "1Q6QKxHTfL4TGFuAi4CS5gZxAsTsGvBPCw"},
    {"source": "1JCW7uoa2DDjTELM9sjkDwaiYCmi2rg2cT", "target": "1KWNXc6UnrqtiCBt1KLrEytwUCKxi7ZNM6"},
    {"source": "1JCW7uoa2DDjTELM9sjkDwaiYCmi2rg2cT", "target": "1JhCz5bKjxFj3irouwQJEGMi4cEyhQJqTe"},
    {"source": "1D6KJuEbWNYjtyTUuCLYiSTQxEkpbb4SNM", "target": "12tDKHiAtdVtw8jNwF35JAyv7fAzdd95qQ"},
    {"source": "1D6KJuEbWNYjtyTUuCLYiSTQxEkpbb4SNM", "target": "193DQg3ndqgqezXnQD9pNJnhseReQpxGsH"},
    {"source": "1HfnAcTs5wN1uBAbHM7b9r4tuuv1zRJiLp", "target": "1ATL5VjEgeV5eKD7LLK3VqetJ9DhFjmVvi"},
    {"source": "1HfnAcTs5wN1uBAbHM7b9r4tuuv1zRJiLp", "target": "1AXFUbc5kfZVq4h4Ww7u1xz2bgJxgjhThz"},
    {"source": "19KsEtJ8moCQXByDpcbJtbKsJk7xtmNNGx", "target": "1B5Mm6SGbnhHuNW91FihwoMEmMC6LNMaEd"},
    {"source": "19KsEtJ8moCQXByDpcbJtbKsJk7xtmNNGx", "target": "17A6jQetPUdqSmXKfHn3faquW81VorEvDu"},
    {"source": "1CjE2XhnGqaJgHAEADcjLx9Yq7j4vLqAL5", "target": "1Cj3HDGYyTiDTK2j5inknC8yrNNtqaAZS9"},
    {"source": "1CjE2XhnGqaJgHAEADcjLx9Yq7j4vLqAL5", "target": "13gD9PGR1kcTeZJjgmZEiR5KqqqYUGmQhg"},
    {"source": "1H3dpG7cHUyjrdJmVkNCkWbwfzft73jKF4", "target": "19h49QNfTCb6EhePiqXL8V2LDDpR7oWtt9"},
    {"source": "1H3dpG7cHUyjrdJmVkNCkWbwfzft73jKF4", "target": "1QC6omfA1H36xVepqjSxkERmAFTqsWm2ff"},
    {"source": "1Fm5Exmqcosrguv88UwsAGkQx6vXtAMfSj", "target": "1KoYtMfLzWXxtw8cD4KgshFcijVu1G2eEF"},
    {"source": "1Fm5Exmqcosrguv88UwsAGkQx6vXtAMfSj", "target": "1KQ5iMrvNgc9KNUg8AerZ8Wrhuvz9CZJDP"},
    {"source": "1BB2ZWw6RcpYieodiahuD8B3A4js3uMsiQ", "target": "17zVsnrsyBij2HndhbNeYeaPVaUX5ow7RQ"},
    {"source": "1VayNert3x1KzbpzMGt2qdqrAThiRovi8", "target": "18KYN5sNMUFZHBCmPZYx7YyoYUfGYohVUS"},
    {"source": "1NXopvMGYMrMWQd6rn8NwDneNzzRF95u9G", "target": "1PdbfMjvTRrrGZoqEikv31SJ5PsimzR4eH"},
    {"source": "1NXopvMGYMrMWQd6rn8NwDneNzzRF95u9G", "target": "195FFFdhusTNKkW2WdXQ7QSCJRQ2N87oES"},
    {"source": "1CovXUoqdMq12oUspgTXVuDUmLufN3omMS", "target": "1MFrkow8KxTgQzVZf75kJo4ii1VCeGJbLa"},
    {"source": "1CovXUoqdMq12oUspgTXVuDUmLufN3omMS", "target": "1H3B2q6tZf7dNGZvBUvEMhFy1sqA69jbPn"},
    {"source": "1Fa12zNVPo5HGxJZtQEyh85uiBhLejSAzA", "target": "1JsRbq41NTHdsNbnRApg2jhXUmYnMbi8si"},
    {"source": "1Fa12zNVPo5HGxJZtQEyh85uiBhLejSAzA", "target": "1PePriCHjWsNYRosCyQPJZQVZTHAC2q3bF"},
    {"source": "1PHy1Gw48usjU3WvvJyUkeJNHRBM7iRhb1", "target": "12mKFaHLKW9yP15GuTFshWpUJF8AaJctW8"},
    {"source": "1PHy1Gw48usjU3WvvJyUkeJNHRBM7iRhb1", "target": "1PePriCHjWsNYRosCyQPJZQVZTHAC2q3bF"},
    {"source": "1BoDhydHdmT6nLE88YL2cTxpFneQ4cs1wR", "target": "16LBEWtbA5nJfPp6XVXa3xEXGHd1oZDigF"},
    {"source": "1BoDhydHdmT6nLE88YL2cTxpFneQ4cs1wR", "target": "1ArtSE5oMcKYPojxE3KSu354UKKyrzS8Md"},
    {"source": "1QACKhKE9c7s25XvTWqyyCmZGcX4jvybLN", "target": "1KMdLa8ghqKcz4BenrUBmdnxwG88WojTLR"}]
}