{
  "nodes" : [{"name": "121Da8EhriSQFSw2ZsAbXn8rXkF9TqsWYt",  "value": 0.07686795},
    {"name": "124kFGeSvgjYmk6FZ9mRmjfvSpusvVtkHV",  "value": 1.1},
    {"name": "128ZA1d5Qx4VKitYeJ6WLvKqhADvkUBrEK",  "value": 2.175558},
    {"name": "12bGhrfWNAMAsKWyoF4H33fpJDTSYUZmP9",  "value": 1.95919083},
    {"name": "12fkm96LNb2hYZBeR4FErKURmchT58Gvxi",  "value": 10.72893404},
    {"name": "12fnWYKreyLm5krHo9ZAEmHQSxReJGc56V",  "value": 2.01},
    {"name": "12iyA1eGTMwcn69r6Qt4osNYDXnPaPYSi3",  "value": 1.523},
    {"name": "12kKaHu7bpUewayKgFr9rviihjjRYDetW5",  "value": 22.6889},
    {"name": "12RJMy6gVoueWo1onkBoefiWHoexfe8RGD",  "value": 4.4098},
    {"name": "12zKwukhLdEytBXa9PWE1HRvSJkJBxBF23",  "value": 1.9711688},
    {"name": "136QY9Bv7pwttg5gc1EacWcty8QdmrPTNM",  "value": 0.098872},
    {"name": "13EBNHVjdZpHMr7boNciT1Sb7ipSga3xzv",  "value": 4.37710406},
    {"name": "13itfquZ5Gpi9VruvPxk7wnVL4wPMNfuL7",  "value": 0.99700001},
    {"name": "13j8tvNBCTmuaKQpbnhHdaB3upuTXX5nUN",  "value": 0.059},
    {"name": "13JC4pR2T9jWR5UB2wBVgRBeXFUQrH2Pu5",  "value": 0.871},
    {"name": "13niF2sshXePUZKxegjn7vf4cNyyAYbGhF",  "value": 3.019756},
    {"name": "13ogTvHMvvhPnRqer4ntPU5hXwwkqTGVGd",  "value": 3.9998},
    {"name": "13p1r4MRbNaYM77ELtCVxV6senM68b2wus",  "value": 0.1698},
    {"name": "13qjk9i7z98QyKpm98P6enTb9eiiD1iWPW",  "value": 0.87381414},
    {"name": "13uryPAohjrKsAbkUb2ABjPUVELj7Azjd3",  "value": 13.72868028},
    {"name": "13yCW9B3ENjrSVNxV2UHY3hXxSar8BrvwA",  "value": 5},
    {"name": "146E3UXncufXP8YYkX74ewypsm92k8WUDL",  "value": 0.00058897},
    {"name": "14F6amfsxZqTN4qfMNwPNpdxAuhKGZnqiW",  "value": 0.968},
    {"name": "14yBUdzefYAFunUw2a4zhJPez1ARKQ58uy",  "value": 0.70381414},
    {"name": "15Fz2XX9DoKwp7p3GW3eAb8pc267g4Jois",  "value": 20},
    {"name": "15TC1sBnk9sKmHEED2DRdXEvMQAX97Zsgk",  "value": 0.03919972},
    {"name": "161hcC1awH7Y7erAfpEhNTSRj7Rkbx9HgR",  "value": 0.6809688},
    {"name": "162FSXTvQ64NWyzrzKJkVjuaYM6jfbtfy9",  "value": 2.8866},
    {"name": "165gQmMTupwSsxDcXzeJspc5uT8KqrRNkG",  "value": 0.03423174},
    {"name": "167S6nqh5WLZQDcU81ZKRJ57pa8p2b1vg2",  "value": 0.4631},
    {"name": "16MF9QptNk9EgTqqk8hc1CzCXC1YgAZech",  "value": 2.71610633},
    {"name": "16PJaRSL646RJWqSh5sLz2aL5SyURmRf4k",  "value": 0.46975696},
    {"name": "16tKuCcP6vuWRFotRTUbDwyujPytWxwMrW",  "value": 2.16326885},
    {"name": "176vMbfBrYZ8CdCgEs9hgepsmZsrgYBKW5",  "value": 30.6998},
    {"name": "17AoeT8UKYMbRnWzkuqDT6RtGb283akSmk",  "value": 21.4},
    {"name": "17fMgmHr1LC58YwfvFa7Qp8UEHZTL67Exj",  "value": 2.36945823},
    {"name": "17MeAWL5kehGFBZ4NWA6JXY1Rqg1qvkfAq",  "value": 0.21710526},
    {"name": "17mgGsoGBbcz9je6eBhcbREZ8K3oXAvkBm",  "value": 0.017},
    {"name": "17tqPzovKUdWUQjQWFBdKkT9xoG6xE8oav",  "value": 1.78},
    {"name": "17zX251vswZACsTqcdQehGPUSQhkURqdUh",  "value": 0.16886795},
    {"name": "1838XJcMcB4Rc17vJC9965RHtNDBURQjJw",  "value": 50},
    {"name": "188Vz8sCvaKJ4g3nX7WffpbheRz6bLS5sf",  "value": 0.05},
    {"name": "18eLYMFrmSDLrz8S2u9RJg61uf9DegHmVL",  "value": 0.1774},
    {"name": "18NSGQ1dU5izhU4sVwf3qgoGy2rkRJU5Zx",  "value": 0.70448552},
    {"name": "18rq8nyDyjG6MMHPqkaqoJGRAguqXDPBUW",  "value": 6.8},
    {"name": "18u7wbGS6ZfqB6qNNJyZV3pSZXuiJdwWGP",  "value": 1.1001},
    {"name": "192GYYGDWaGA67FjRC4qfeGT9iVWp7fem3",  "value": 2.79463572},
    {"name": "196QkR4G2iGxNogfxEG97qXkti7M9x6F1N",  "value": 29},
    {"name": "19Cdx2JjQ9aiVNdyoRtjTciSnDjZJSx5SX",  "value": 0.31809935},
    {"name": "19cXqa1sTpzGsKFY9zRgq9brMJVEV8sXQM",  "value": 0.12513126},
    {"name": "19eJGYN9x1Y1RkHLDFQd7jWqdDDoKrjLMC",  "value": 0.02201615},
    {"name": "19iVyH1qUxgywY8LJSbpV4VavjZmyuEyxV",  "value": 500},
    {"name": "19joYLMg7AahzPN5ZBkT9jmapXMVN8UUtf",  "value": 0.9945},
    {"name": "19MoJsuEvphBVxPmw6yCSrQHPoaN3opysG",  "value": 0.14049935},
    {"name": "19r3kTAmgDkbhp57riyYnwiw4oXrWAKbE1",  "value": 0.60279363},
    {"name": "19sVCaZFCt5bV5rtupefeqvsDXbSRHycwR",  "value": 0.01020437},
    {"name": "1AHyLuwSXaGjXNFuPuNWBLVtSTTqCcQ9DZ",  "value": 0.01400194},
    {"name": "1ANfbVZ3yjKfZRwLovvwPcHB7YckZNYwta",  "value": 19},
    {"name": "1BAvPcGXzQN2Hz6Nf8NVepfJCn6rM6g4JZ",  "value": 15.85950814},
    {"name": "1BeqmB7nWrauRoojbEfvPbLSuHkwCWRa6M",  "value": 596.71706838},
    {"name": "1BffB9c4bgc1TSs4i25BRiDKNYSJncUJjw",  "value": 2.39},
    {"name": "1BMEeVDiMovu4yEAa1YSuQZpLjPfLVjrVk",  "value": 19.3},
    {"name": "1BMKyg1hpdonv1Bq5zhtdfyJdqf9ywRxgU",  "value": 0.323857},
    {"name": "1BoFqoBA9jNPiZnQY8Kncw9WSRK2dVoEjT",  "value": 6.12898941},
    {"name": "1Bv36kmkTrhvep9197x7itZh72qGjLRiGi",  "value": 0.01716707},
    {"name": "1C34hNvSbKY9MF8dVecZGFN1a7AwfDo1D8",  "value": 0.012},
    {"name": "1CdKExzt6a2MUMXwi5ga3ftM8qTLmxuCRK",  "value": 243.32198803},
    {"name": "1Cm6XNPTUG6Q3uNY4FvEKxGSpYhGJztjcy",  "value": 0.21086748},
    {"name": "1CqC5bbRU6TbV7ahZ5DCRsBHeAmNC4M1d",  "value": 0.28065},
    {"name": "1Cqo8SFSC5aqqAxj26fFHmvg7G9TvKT4UF",  "value": 50},
    {"name": "1CVbV4ct6FMM8gMMz5xzDXnkFTTkhvTXcF",  "value": 0.048},
    {"name": "1CYAF33tuW85PbSRFw88u6Y5KYSx2DqMZT",  "value": 244.52458803},
    {"name": "1CZ77ELRSw56MhaXyDaz5bv2HGu593ht2g",  "value": 0.032},
    {"name": "1D113osBidFXrzUbB9M5yHX5jdM6TuZha9",  "value": 0.28067},
    {"name": "1D35CKYxrNcNBJ1vuTqWT9QBz1TAcMBdou",  "value": 0.05233125},
    {"name": "1DbMyFY4UuTJBPNiRS56ME4Lj6VY9grxfw",  "value": 1.2025},
    {"name": "1DG66EEqV6w8h6RujfjWSJ9ebuG15zhezb",  "value": 595.39611137},
    {"name": "1DgvX9sSdLHnTjcLJA8GBGUerRvy1G24G7",  "value": 28.5998},
    {"name": "1DgxjRYPNmfxEiPzakuZqXUPq7H8SKXfhr",  "value": 31.0391},
    {"name": "1dimB5NnWa4erchXKcqz6qY3kZEM5RfJD",  "value": 5.07},
    {"name": "1DyFih2iQVFcnhRonMcHAYWfD8aRW7nsGc",  "value": 10.0001},
    {"name": "1E3gn2kLD7aMtWfAHAp1rfJSLLJPevRhog",  "value": 0.64707712},
    {"name": "1EA6cyS2MBux7PvLVkM9DPS5LKoTHiVNZN",  "value": 0.0035},
    {"name": "1EN5nMPHh41mjDmNntUN1HLd6zXTkdJPyG",  "value": 0.09544328},
    {"name": "1EPYDc4HMrEo9aRijzVbqKk6mXWaF9AK5N",  "value": 0.613098},
    {"name": "1EqUoGGHuHp7VmcN8PSH3B2qNfpKzbdUev",  "value": 0.28057},
    {"name": "1EuRXDXSxtA8GmyKTvyHQwfotxaZfLWgDf",  "value": 2.55005823},
    {"name": "1EVPUmSW8AGFrcuNxZ8fkfqhHmwjwMn1Nk",  "value": 0.1804},
    {"name": "1F6QWBGdrDxDP7cKNtRgAdc6JPsCf8Fy5k",  "value": 18.9607},
    {"name": "1FgUsnsojJtvaA6vCL9Cq31otJurEEH32L",  "value": 5.75265298},
    {"name": "1FrNbo6yrwvFDCTXG6TmkoK4a4S9NH9iGw",  "value": 3.949687},
    {"name": "1FzLCf15tk5sc8zQWpmEt5fCDnfTboQe4a",  "value": 0.01913125},
    {"name": "1g71ukqHsE4ptnHX2FpVD2xQUL3zijLBA",  "value": 0.0494},
    {"name": "1GAoDg7QHG5uzsaSoQ6RDnEU6HNk222nNb",  "value": 3.02886071},
    {"name": "1GhQk5odQdnJj3G4Dw947hPYY8ubpyVBk3",  "value": 0.14578901},
    {"name": "1Gn8d4hhHeDYJrErqyLsNSKKQ3J44JUFDC",  "value": 10},
    {"name": "1GRKvAVFwbeYy1ATJaSU5MggwJfyuMwfkg",  "value": 19.94},
    {"name": "1GUt7GM2zXrv2cUWnSELiFmaw6R7BiWcmY",  "value": 0.033},
    {"name": "1GZ5ZHeKQp8goLfckrDX54cbC2DYve7Aiq",  "value": 2.97876071},
    {"name": "1HGoHRwMmhwV7EHskW6CGwE3a9vvHyQCbB",  "value": 0.75458552},
    {"name": "1HH3HzBFcgpBBw728QjUZLnpkHhMS5CmnN",  "value": 0.001},
    {"name": "1HHqcMkNdRK44snSTQ51YSGqsyQkjoJJvv",  "value": 19},
    {"name": "1HJ3CVFarYDsfCzjFkiSs5p3kPkXHTt4ta",  "value": 2.19773959},
    {"name": "1HjRHwMANUkG6g88pxdKDN8YhtHroVbHrd",  "value": 1.4730971},
    {"name": "1HLKdd4iUnNXDeE7qbVDhij6zSEyRmEFSy",  "value": 0.0918},
    {"name": "1JLQggT7Y42CmrCmfKsHJeqDYDaQJPSQ93",  "value": 0.4101},
    {"name": "1JrqMWswVqhJoqobyVBRBkVW4UAZUcwsBC",  "value": 16.0767264},
    {"name": "1JYoToih3c1CSaokUpe7yx6aaAFzGy3ZiP",  "value": 0.05},
    {"name": "1K3eagAgd1eNCVXSdLo7FnnzbdcKoocTLb",  "value": 2.528},
    {"name": "1K9LFdfvantXXDpeCKtmuJenz3Zue7MyHS",  "value": 0.24496101},
    {"name": "1KbhXAfmyZpxDbK6cARJqbWCvPa6dEnYNn",  "value": 0.0268},
    {"name": "1Kd1ocTYV8PuFFeYKRnnpTmRGWQaFpLtQF",  "value": 0.0358},
    {"name": "1KEikHXPVt52ysjCrpRbb4B6pKfkA9YPJE",  "value": 0.02406109},
    {"name": "1KGsMfN1HJ6cAXUhu7hLC4PN3oXwWNVGm9",  "value": 0.003},
    {"name": "1KJrnn6BqFtB5Ef2oPvbcxJXi3T1QEgyUq",  "value": 0.05},
    {"name": "1KN2YVVxbxv4d5WHHpGytwkR9GmQygsUwG",  "value": 0.54},
    {"name": "1Kp7qDtTfPYNHAmK2dyx1YZNj8F6dWbvj7",  "value": 0.41},
    {"name": "1KTdRozaRHzqoZG2sBcG1ErkdesteQPUGJ",  "value": 50},
    {"name": "1KziNkoLFcpbzdqjKuEDx2xhpc5MX7vAr1",  "value": 0.12503126},
    {"name": "1L65tMskMa933UaB2ep8MsMVkKoaAxAWr1",  "value": 4.95050597},
    {"name": "1LdyvHt9je8Ujbe8uajMGNTNQrDJFT3fTr",  "value": 2.0495},
    {"name": "1Lf5Ud6e5JZmfEEfvPuc4CJCYf1FscwzWS",  "value": 50},
    {"name": "1LQs6oDLCr8h7s98Vo1YUr3pbQCqqyHU3f",  "value": 0.99988168},
    {"name": "1LsFbSMvrHfE5fME8XKJJinE9EBvkAvQ9U",  "value": 0.01703174},
    {"name": "1LttZCMpcvAGw67JKXzj3rLnsq4dViLD1a",  "value": 0.09817},
    {"name": "1LuckyR1fFHEsXYyx5QK4UFzv3PEAepPMK",  "value": 0.09255},
    {"name": "1LWLY81i9a6JM1rx6SywL9rfBVNrobD1wM",  "value": 0.234},
    {"name": "1LXYDS3RVekqFyzGCg1rn5Z4mRCtkzLvxP",  "value": 0.00669402},
    {"name": "1M2mpVN3XBLjRpjs783oFi1M9yCsG5Tb65",  "value": 2.64561496},
    {"name": "1M9cuGPiCtVYyvicAQmuk58ZxXkex3KjbJ",  "value": 0.18384812},
    {"name": "1MAjm1nxsAH5zvPm4ddM8wd5JHEZrGHqCg",  "value": 30.6535},
    {"name": "1Mf5hHoWsMJ8MmUCKQU6MAhsryKKW7vuoM",  "value": 2.4413971},
    {"name": "1MfWWws6L3V1x3skiMFgeL6VYHNSieUHZP",  "value": 0.01280194},
    {"name": "1MPqDPj29dMf2wankwHY4BWX9hPEuEaERW",  "value": 0.09837},
    {"name": "1MuRrn5a4xz5bkmmonnR6KPSrHCX5kAbce",  "value": 1.7801},
    {"name": "1N9GQD45JLugpwkxVEGEAt5t9ZFTcDK33L",  "value": 8.35},
    {"name": "1NHSuGMm21oCyAL8gxqKh1VYQwC2E7qj2r",  "value": 4.37720406},
    {"name": "1NjdTTfjGnRP3zg8aqKmWsRYACzgGVMsLN",  "value": 0.02211615},
    {"name": "1PiLDhdJtW4XW23HUy19o9BDD44gWy2yYL",  "value": 0.37603643},
    {"name": "1PPHFT4tFxiPErSMVyfQZmo7BW1JCayNHF",  "value": 2.99963274},
    {"name": "1PRdAPW7VsuL6nHqpDzA7pJcCB6oY47ALr",  "value": 2.06777557},
    {"name": "1PTmoVoHVPuQ4z3hBkbVWKd5iaSRnZ1rVA",  "value": 19.3463},
    {"name": "1Pw1ecdh3NXAtVQWUwrk2GiUwrSu5JR2MH",  "value": 3.018756},
    {"name": "1Pw4igxxTRVgis2AoeuuFvPC2xJ7S8JkCi",  "value": 0.12822109},
    {"name": "1Px7pFLS8QkKcz1XC7688cTLhhSVYK4pP9",  "value": 1.95929083},
    {"name": "1Q1mEfngeh92tJ8vNW4SvNwSPrrZsB45dm",  "value": 0.74232691},
    {"name": "1Q6Woq4oSEDgBUcDjfRSFTHyB28wRB1U3R",  "value": 0.75106748},
    {"name": "1ZE7juigjZ6tZeosNG5KE2RxsSHrcDdga",  "value": 1.29},
    {"name": "32KKSe4gt8Z4rzmA1a5hZmJ3rNmF4wgbRP",  "value": 0.1398},
    {"name": "32XUNVKHgLqU9Ub5gb9kwUDGsfjKy2wWZL",  "value": 0.10202286},
    {"name": "33XWH6sSqZNd2cXYQz2eVbVdsGLBKLu6C3",  "value": 18.8815},
    {"name": "33ynNcQvwfLYEhB5qoFnyiDoduFwaFpxPY",  "value": 4.99575538},
    {"name": "36shkzZZJKzjNRSN7m5tmswxf14zA7CmPw",  "value": 17.8865},
    {"name": "37NjnhRtdVDMm34VnwT5tFSfEBkUnoVE1c",  "value": 5.0701},
    {"name": "3AJu3KKGrm7VXpu23mjpMj9CnBAYgYW8j5",  "value": 54.36300572},
    {"name": "3FmewYsav5kPtxYrR7KFxHLDRj8MeABNNs",  "value": 0.07802939},
    {"name": "3GhssbFEmjmn4oFGvE6hEAAADHkQNLhqMU",  "value": 0.00108897},
    {"name": "3HNSiAq7wFDaPsYDcUxNSRMD78qVcYKicw",  "value": 0.0698267},
    {"name": "3K3BQA3amoPBziNNcRfFC1U1eWzrDpWAQM",  "value": 191.90836244},
    {"name": "3KgtbGgaX2ngstNpvyv7LwpHSweVeqGbpM",  "value": 500.0001},
    {"name": "3KtknYJnEf6xgzTvipMoQ5A7LgZVE8tQXG",  "value": 191.97828914},
    {"name": "3Lksrf4E5mRkdLxo9DXRgcfT2g1fJc8ub9",  "value": 56.89104893},
    {"name": "3MPQqNcKzdCwQ4smw6u4hhog5dyeNBCnzt",  "value": 0.3531},
    {"name": "3Nt1EjnGdSJ79sGSsikGbMXgrctLiXcYXn",  "value": 0.0123},
    {"name": "3PKCbsTAAjvPVQ3S5a7UVuj9PCXEsPhY6p",  "value": 3.99575538},
    {"name": "3PVodGxUwf7xgR2gB8QkwSWrqvwHs4kfNg",  "value": 0.353}],
  "links" : [{ "source": "12RJMy6gVoueWo1onkBoefiWHoexfe8RGD",  "target": "12iyA1eGTMwcn69r6Qt4osNYDXnPaPYSi3"},
    { "source": "12RJMy6gVoueWo1onkBoefiWHoexfe8RGD",  "target": "162FSXTvQ64NWyzrzKJkVjuaYM6jfbtfy9"},
    { "source": "12zKwukhLdEytBXa9PWE1HRvSJkJBxBF23",  "target": "12zKwukhLdEytBXa9PWE1HRvSJkJBxBF23"},
    { "source": "12zKwukhLdEytBXa9PWE1HRvSJkJBxBF23",  "target": "1ZE7juigjZ6tZeosNG5KE2RxsSHrcDdga"},
    { "source": "12zKwukhLdEytBXa9PWE1HRvSJkJBxBF23",  "target": "161hcC1awH7Y7erAfpEhNTSRj7Rkbx9HgR"},
    { "source": "13j8tvNBCTmuaKQpbnhHdaB3upuTXX5nUN",  "target": "1CZ77ELRSw56MhaXyDaz5bv2HGu593ht2g"},
    { "source": "13j8tvNBCTmuaKQpbnhHdaB3upuTXX5nUN",  "target": "1KbhXAfmyZpxDbK6cARJqbWCvPa6dEnYNn"},
    { "source": "13JC4pR2T9jWR5UB2wBVgRBeXFUQrH2Pu5",  "target": "1Pw4igxxTRVgis2AoeuuFvPC2xJ7S8JkCi"},
    { "source": "13JC4pR2T9jWR5UB2wBVgRBeXFUQrH2Pu5",  "target": "1Q1mEfngeh92tJ8vNW4SvNwSPrrZsB45dm"},
    { "source": "13niF2sshXePUZKxegjn7vf4cNyyAYbGhF",  "target": "1Pw1ecdh3NXAtVQWUwrk2GiUwrSu5JR2MH"},
    { "source": "13ogTvHMvvhPnRqer4ntPU5hXwwkqTGVGd",  "target": "1KJrnn6BqFtB5Ef2oPvbcxJXi3T1QEgyUq"},
    { "source": "13ogTvHMvvhPnRqer4ntPU5hXwwkqTGVGd",  "target": "1FrNbo6yrwvFDCTXG6TmkoK4a4S9NH9iGw"},
    { "source": "13qjk9i7z98QyKpm98P6enTb9eiiD1iWPW",  "target": "14yBUdzefYAFunUw2a4zhJPez1ARKQ58uy"},
    { "source": "13qjk9i7z98QyKpm98P6enTb9eiiD1iWPW",  "target": "13p1r4MRbNaYM77ELtCVxV6senM68b2wus"},
    { "source": "13uryPAohjrKsAbkUb2ABjPUVELj7Azjd3",  "target": "1PPHFT4tFxiPErSMVyfQZmo7BW1JCayNHF"},
    { "source": "13uryPAohjrKsAbkUb2ABjPUVELj7Azjd3",  "target": "12fkm96LNb2hYZBeR4FErKURmchT58Gvxi"},
    { "source": "13yCW9B3ENjrSVNxV2UHY3hXxSar8BrvwA",  "target": "1g71ukqHsE4ptnHX2FpVD2xQUL3zijLBA"},
    { "source": "13yCW9B3ENjrSVNxV2UHY3hXxSar8BrvwA",  "target": "1L65tMskMa933UaB2ep8MsMVkKoaAxAWr1"},
    { "source": "15Fz2XX9DoKwp7p3GW3eAb8pc267g4Jois",  "target": "1ANfbVZ3yjKfZRwLovvwPcHB7YckZNYwta"},
    { "source": "15Fz2XX9DoKwp7p3GW3eAb8pc267g4Jois",  "target": "1LQs6oDLCr8h7s98Vo1YUr3pbQCqqyHU3f"},
    { "source": "165gQmMTupwSsxDcXzeJspc5uT8KqrRNkG",  "target": "17mgGsoGBbcz9je6eBhcbREZ8K3oXAvkBm"},
    { "source": "165gQmMTupwSsxDcXzeJspc5uT8KqrRNkG",  "target": "1LsFbSMvrHfE5fME8XKJJinE9EBvkAvQ9U"},
    { "source": "16tKuCcP6vuWRFotRTUbDwyujPytWxwMrW",  "target": "1EN5nMPHh41mjDmNntUN1HLd6zXTkdJPyG"},
    { "source": "16tKuCcP6vuWRFotRTUbDwyujPytWxwMrW",  "target": "1PRdAPW7VsuL6nHqpDzA7pJcCB6oY47ALr"},
    { "source": "17zX251vswZACsTqcdQehGPUSQhkURqdUh",  "target": "1HLKdd4iUnNXDeE7qbVDhij6zSEyRmEFSy"},
    { "source": "17zX251vswZACsTqcdQehGPUSQhkURqdUh",  "target": "121Da8EhriSQFSw2ZsAbXn8rXkF9TqsWYt"},
    { "source": "1838XJcMcB4Rc17vJC9965RHtNDBURQjJw",  "target": "17AoeT8UKYMbRnWzkuqDT6RtGb283akSmk"},
    { "source": "1838XJcMcB4Rc17vJC9965RHtNDBURQjJw",  "target": "1DgvX9sSdLHnTjcLJA8GBGUerRvy1G24G7"},
    { "source": "18rq8nyDyjG6MMHPqkaqoJGRAguqXDPBUW",  "target": "1BffB9c4bgc1TSs4i25BRiDKNYSJncUJjw"},
    { "source": "18u7wbGS6ZfqB6qNNJyZV3pSZXuiJdwWGP",  "target": "18u7wbGS6ZfqB6qNNJyZV3pSZXuiJdwWGP"},
    { "source": "18u7wbGS6ZfqB6qNNJyZV3pSZXuiJdwWGP",  "target": "124kFGeSvgjYmk6FZ9mRmjfvSpusvVtkHV"},
    { "source": "192GYYGDWaGA67FjRC4qfeGT9iVWp7fem3",  "target": "16MF9QptNk9EgTqqk8hc1CzCXC1YgAZech"},
    { "source": "192GYYGDWaGA67FjRC4qfeGT9iVWp7fem3",  "target": "3FmewYsav5kPtxYrR7KFxHLDRj8MeABNNs"},
    { "source": "19Cdx2JjQ9aiVNdyoRtjTciSnDjZJSx5SX",  "target": "19MoJsuEvphBVxPmw6yCSrQHPoaN3opysG"},
    { "source": "19Cdx2JjQ9aiVNdyoRtjTciSnDjZJSx6SX",  "target": "18eLYMFrmSDLrz8S2u9RJg61uf9DegHmVL"},
    { "source": "19cXqa1sTpzGsKFY9zRgq9brMJVEV8sXQM",  "target": "1KziNkoLFcpbzdqjKuEDx2xhpc5MX7vAr1"},
    { "source": "1AHyLuwSXaGjXNFuPuNWBLVtSTTqCcQ9DZ",  "target": "1MfWWws6L3V1x3skiMFgeL6VYHNSieUHZP"},
    { "source": "1AHyLuwSXaGjXNFuPuNWBLVtSTTqCcQ9DZ",  "target": "1HH3HzBFcgpBBw728QjUZLnpkHhMS5CmnN"},
    { "source": "1BeqmB7nWrauRoojbEfvPbLSuHkwCWRa6M",  "target": "13itfquZ5Gpi9VruvPxk7wnVL4wPMNfuL7"},
    { "source": "1BeqmB7nWrauRoojbEfvPbLSuHkwCWRa6M",  "target": "1BMKyg1hpdonv1Bq5zhtdfyJdqf9ywRxgU"},
    { "source": "1BeqmB7nWrauRoojbEfvPbLSuHkwCWRa6M",  "target": "1DG66EEqV6w8h6RujfjWSJ9ebuG15zhezb"},
    { "source": "1BoFqoBA9jNPiZnQY8Kncw9WSRK2dVoEjT",  "target": "1PiLDhdJtW4XW23HUy19o9BDD44gWy2yYL"},
    { "source": "1BoFqoBA9jNPiZnQY8Kncw9WSRK2dVoEjT",  "target": "1FgUsnsojJtvaA6vCL9Cq31otJurEEH32L"},
    { "source": "1CqC5bbRU6TbV7ahZ5DCRsBHeAmNC4M1d",  "target": "1LuckyR1fFHEsXYyx5QK4UFzv3PEAepPMK"},
    { "source": "1CqC5bbRU6TbV7ahZ5DCRsBHeAmNC4M1d",  "target": "1LuckyR1fFHEsXYyx5QK4UFzv3PEAepPMK"},
    { "source": "1CqC5bbRU6TbV7ahZ5DCRsBHeAmNC4M1d",  "target": "1LuckyR1fFHEsXYyx5QK4UFzv3PEAepPMK"},
    { "source": "1Cqo8SFSC5aqqAxj26fFHmvg7G9TvKT4UF",  "target": "1DgxjRYPNmfxEiPzakuZqXUPq7H8SKXfhr"},
    { "source": "1Cqo8SFSC5aqqAxj26fFHmvg7G9TvKT4UF",  "target": "1F6QWBGdrDxDP7cKNtRgAdc6JPsCf8Fy5k"},
    { "source": "1CVbV4ct6FMM8gMMz5xzDXnkFTTkhvTXcF",  "target": "1C34hNvSbKY9MF8dVecZGFN1a7AwfDo1D8"},
    { "source": "1CVbV4ct6FMM8gMMz5xzDXnkFTTkhvTXcF",  "target": "1Kd1ocTYV8PuFFeYKRnnpTmRGWQaFpLtQF"},
    { "source": "1CYAF33tuW85PbSRFw88u6Y5KYSx2DqMZT",  "target": "1DbMyFY4UuTJBPNiRS56ME4Lj6VY9grxfw"},
    { "source": "1CYAF33tuW85PbSRFw88u6Y5KYSx2DqMZT",  "target": "1CdKExzt6a2MUMXwi5ga3ftM8qTLmxuCRK"},
    { "source": "1D113osBidFXrzUbB9M5yHX5jdM6TuZha9",  "target": "1EqUoGGHuHp7VmcN8PSH3B2qNfpKzbdUev"},
    { "source": "1D35CKYxrNcNBJ1vuTqWT9QBz1TAcMBdou",  "target": "1GUt7GM2zXrv2cUWnSELiFmaw6R7BiWcmY"},
    { "source": "1D35CKYxrNcNBJ1vuTqWT9QBz1TAcMBdou",  "target": "1FzLCf15tk5sc8zQWpmEt5fCDnfTboQe4a"},
    { "source": "1DgxjRYPNmfxEiPzakuZqXUPq7H8SKXfhr",  "target": "1N9GQD45JLugpwkxVEGEAt5t9ZFTcDK33L"},
    { "source": "1DgxjRYPNmfxEiPzakuZqXUPq7H8SKXfhr",  "target": "12kKaHu7bpUewayKgFr9rviihjjRYDetW5"},
    { "source": "1DyFih2iQVFcnhRonMcHAYWfD8aRW7nsGc",  "target": "196QkR4G2iGxNogfxEG97qXkti7M9x6F1N"},
    { "source": "1DyFih2iQVFcnhRonMcHAYWfD8aRW7nsGc",  "target": "1GRKvAVFwbeYy1ATJaSU5MggwJfyuMwfkg"},
    { "source": "1DyFih2iQVFcnhRonMcHAYWfD8aRW7nsGc",  "target": "1DyFih2iQVFcnhRonMcHAYWfD8aRW7nsGc"},
    { "source": "1DyFih2iQVFcnhRonMcHAYWfD8aRW7nsGc",  "target": "1Gn8d4hhHeDYJrErqyLsNSKKQ3J44JUFDC"},
    { "source": "1DyFih2iQVFcnhRonMcHAYWfD8aRW7nsGc",  "target": "1DyFih2iQVFcnhRonMcHAYWfD8aRW7nsGc"},
    { "source": "1DyFih2iQVFcnhRonMcHAYWfD8aRW7nsGc",  "target": "1HHqcMkNdRK44snSTQ51YSGqsyQkjoJJvv"},
    { "source": "1E3gn2kLD7aMtWfAHAp1rfJSLLJPevRhog",  "target": "1M9cuGPiCtVYyvicAQmuk58ZxXkex3KjbJ"},
    { "source": "1E3gn2kLD7aMtWfAHAp1rfJSLLJPevRhog",  "target": "167S6nqh5WLZQDcU81ZKRJ57pa8p2b1vg2"},
    { "source": "1EA6cyS2MBux7PvLVkM9DPS5LKoTHiVNZN",  "target": "1KGsMfN1HJ6cAXUhu7hLC4PN3oXwWNVGm9"},
    { "source": "1EPYDc4HMrEo9aRijzVbqKk6mXWaF9AK5N",  "target": "19sVCaZFCt5bV5rtupefeqvsDXbSRHycwR"},
    { "source": "1EPYDc4HMrEo9aRijzVbqKk6mXWaF9AK5N",  "target": "19r3kTAmgDkbhp57riyYnwiw4oXrWAKbE1"},
    { "source": "1EuRXDXSxtA8GmyKTvyHQwfotxaZfLWgDf",  "target": "1EVPUmSW8AGFrcuNxZ8fkfqhHmwjwMn1Nk"},
    { "source": "1EuRXDXSxtA8GmyKTvyHQwfotxaZfLWgDf",  "target": "17fMgmHr1LC58YwfvFa7Qp8UEHZTL67Exj"},
    { "source": "1GAoDg7QHG5uzsaSoQ6RDnEU6HNk222nNb",  "target": "188Vz8sCvaKJ4g3nX7WffpbheRz6bLS5sf"},
    { "source": "1GAoDg7QHG5uzsaSoQ6RDnEU6HNk222nNb",  "target": "1GZ5ZHeKQp8goLfckrDX54cbC2DYve7Aiq"},
    { "source": "1HGoHRwMmhwV7EHskW6CGwE3a9vvHyQCbB",  "target": "1JYoToih3c1CSaokUpe7yx6aaAFzGy3ZiP"},
    { "source": "1JLQggT7Y42CmrCmfKsHJeqDYDaQJPSQ93",  "target": "1Kp7qDtTfPYNHAmK2dyx1YZNj8F6dWbvj7"},
    { "source": "1JrqMWswVqhJoqobyVBRBkVW4UAZUcwsBC",  "target": "17MeAWL5kehGFBZ4NWA6JXY1Rqg1qvkfAq"},
    { "source": "1JrqMWswVqhJoqobyVBRBkVW4UAZUcwsBC",  "target": "1BAvPcGXzQN2Hz6Nf8NVepfJCn6rM6g4JZ"},
    { "source": "1K9LFdfvantXXDpeCKtmuJenz3Zue7MyHS",  "target": "1LWLY81i9a6JM1rx6SywL9rfBVNrobD1wM"},
    { "source": "1K9LFdfvantXXDpeCKtmuJenz3Zue7MyHS",  "target": "1HJ3CVFarYDsfCzjFkiSs5p3kPkXHTt4ta"},
    { "source": "1K9LFdfvantXXDpeCKtmuJenz3Zue7MyHS",  "target": "1K9LFdfvantXXDpeCKtmuJenz3Zue7MyHS"},
    { "source": "1K9LFdfvantXXDpeCKtmuJenz3Zue7MyHS",  "target": "1GhQk5odQdnJj3G4Dw947hPYY8ubpyVBk3"},
    { "source": "1K9LFdfvantXXDpeCKtmuJenz3Zue7MyHS",  "target": "136QY9Bv7pwttg5gc1EacWcty8QdmrPTNM"},
    { "source": "1KEikHXPVt52ysjCrpRbb4B6pKfkA9YPJE",  "target": "1LXYDS3RVekqFyzGCg1rn5Z4mRCtkzLvxP"},
    { "source": "1KEikHXPVt52ysjCrpRbb4B6pKfkA9YPJE",  "target": "1Bv36kmkTrhvep9197x7itZh72qGjLRiGi"},
    { "source": "1KTdRozaRHzqoZG2sBcG1ErkdesteQPUGJ",  "target": "1MAjm1nxsAH5zvPm4ddM8wd5JHEZrGHqCg"},
    { "source": "1KTdRozaRHzqoZG2sBcG1ErkdesteQPUGJ",  "target": "1PTmoVoHVPuQ4z3hBkbVWKd5iaSRnZ1rVA"},
    { "source": "1LdyvHt9je8Ujbe8uajMGNTNQrDJFT3fTr",  "target": "12fnWYKreyLm5krHo9ZAEmHQSxReJGc56V"},
    { "source": "1LdyvHt9je8Ujbe8uajMGNTNQrDJFT3fTr",  "target": "15TC1sBnk9sKmHEED2DRdXEvMQAX97Zsgk"},
    { "source": "1Lf5Ud6e5JZmfEEfvPuc4CJCYf1FscwzWS",  "target": "1BMEeVDiMovu4yEAa1YSuQZpLjPfLVjrVk"},
    { "source": "1Lf5Ud6e5JZmfEEfvPuc4CJCYf1FscwzWS",  "target": "176vMbfBrYZ8CdCgEs9hgepsmZsrgYBKW5"},
    { "source": "1M2mpVN3XBLjRpjs783oFi1M9yCsG5Tb65",  "target": "128ZA1d5Qx4VKitYeJ6WLvKqhADvkUBrEK"},
    { "source": "1M2mpVN3XBLjRpjs783oFi1M9yCsG5Tb65",  "target": "16PJaRSL646RJWqSh5sLz2aL5SyURmRf4k"},
    { "source": "1Mf5hHoWsMJ8MmUCKQU6MAhsryKKW7vuoM",  "target": "1HjRHwMANUkG6g88pxdKDN8YhtHroVbHrd"},
    { "source": "1Mf5hHoWsMJ8MmUCKQU6MAhsryKKW7vuoM",  "target": "14F6amfsxZqTN4qfMNwPNpdxAuhKGZnqiW"},
    { "source": "1MPqDPj29dMf2wankwHY4BWX9hPEuEaERW",  "target": "1LttZCMpcvAGw67JKXzj3rLnsq4dViLD1a"},
    { "source": "1MuRrn5a4xz5bkmmonnR6KPSrHCX5kAbce",  "target": "17tqPzovKUdWUQjQWFBdKkT9xoG6xE8oav"},
    { "source": "1NHSuGMm21oCyAL8gxqKh1VYQwC2E7qj2r",  "target": "13EBNHVjdZpHMr7boNciT1Sb7ipSga3xzv"},
    { "source": "1NjdTTfjGnRP3zg9aqKmWsRYACzgGVMsLN",  "target": "19eJGYN9x1Y1RkHLDFQd7jWqdDDoKrjLMC"},
    { "source": "1Px7pFLS8QkKcz1XC7688cTLhhSVYK4pP9",  "target": "12bGhrfWNAMAsKWyoF4H33fpJDTSYUZmP9"},
    { "source": "1Q6Woq4oSEDgBUcDjfRSFTHyB28wRB1U3R",  "target": "1KN2YVVxbxv4d5WHHpGytwkR9GmQygsUwG"},
    { "source": "1Q6Woq4oSEDgBUcDjfRSFTHyB28wRB1U3R",  "target": "1Cm6XNPTUG6Q3uNY4FvEKxGSpYhGJztjcy"},
    { "source": "32KKSe4gt8Z4rzmA1a5hZmJ3rNmF4wgbRP",  "target": "3Nt1EjnGdSJ79sGSsikGbMXgrctLiXcYXn"},
    { "source": "32KKSe4gt8Z4rzmA1a5hZmJ3rNmF4wgbRP",  "target": "3Nt1EjnGdSJ79sGSsikGbMXgrctLiXcYXn"},
    { "source": "32KKSe4gt8Z4rzmA1a5hZmJ3rNmF4wgbRP",  "target": "3Nt1EjnGdSJ79sGSsikGbMXgrctLiXcYXn"},
    { "source": "32KKSe4gt8Z4rzmA1a5hZmJ3rNmF4wgbRP",  "target": "32XUNVKHgLqU9Ub5gb9kwUDGsfjKy2wWZL"},
    { "source": "33XWH6sSqZNd2cXYQz2eVbVdsGLBKLu6C3",  "target": "19joYLMg7AahzPN5ZBkT9jmapXMVN8UUtf"},
    { "source": "33XWH6sSqZNd2cXYQz2eVbVdsGLBKLu6C3",  "target": "36shkzZZJKzjNRSN7m5tmswxf14zA7CmPw"},
    { "source": "33ynNcQvwfLYEhB5qoFnyiDoduFwaFpxPY",  "target": "3HNSiAq7wFDaPsYDcUxNSRMD78qVcYKicw"},
    { "source": "33ynNcQvwfLYEhB5qoFnyiDoduFwaFpxPY",  "target": "3PKCbsTAAjvPVQ3S5a7UVuj9PCXEsPhY6p"},
    { "source": "37NjnhRtdVDMm34VnwT5tFSfEBkUnoVE1c",  "target": "1dimB5NnWa4erchXKcqz6qY3kZEM5RfJD"},
    { "source": "3GhssbFEmjmn4oFGvE6hEAAADHkQNLhqMU",  "target": "146E3UXncufXP8YYkX74ewypsm92k8WUDL"},
    { "source": "3KgtbGgaX2ngstNpvyv7LwpHSweVeqGbpM",  "target": "19iVyH1qUxgywY8LJSbpV4VavjZmyuEyxV"},
    { "source": "3KtknYJnEf6xgzTvipMoQ5A7LgZVE8tQXG",  "target": "3K3BQA3amoPBziNNcRfFC1U1eWzrDpWAQM"},
    { "source": "3KtknYJnEf6xgzTvipMoQ5A7LgZVE8tQXG",  "target": "3HNSiAq7wFDaPsYDcUxNSRMD78qVcYKicw"},
    { "source": "3Lksrf4E5mRkdLxo9DXRgcfT2g1fJc8ub9",  "target": "1K3eagAgd1eNCVXSdLo7FnnzbdcKoocTLb"},
    { "source": "3Lksrf4E5mRkdLxo9DXRgcfT2g1fJc8ub9",  "target": "3AJu3KKGrm7VXpu23mjpMj9CnBAYgYW8j5"},
    { "source": "3MPQqNcKzdCwQ4smw6u4hhog5dyeNBCnzt",  "target": "3PVodGxUwf7xgR2gB8QkwSWrqvwHs4kfNg"}]
}