time,bitcoins
2009/1/3 0:00,50
2009/1/5 0:00,50
2009/1/7 0:00,50
2009/1/9 0:00,750
2009/1/11 0:00,7600
2009/1/13 0:00,17800
2009/1/15 0:00,30450
2009/1/17 0:00,41650
2009/1/19 0:00,52650
2009/1/21 0:00,64100
2009/1/23 0:00,71200
2009/1/25 0:00,90850
2009/1/27 0:00,101800
2009/1/29 0:00,113050
2009/1/31 0:00,125550
2009/2/2 0:00,137700
2009/2/4 0:00,150650
2009/2/6 0:00,163150
2009/2/8 0:00,176150
2009/2/10 0:00,188900
2009/2/12 0:00,201350
2009/2/14 0:00,214600
2009/2/16 0:00,226850
2009/2/18 0:00,238950
2009/2/20 0:00,251200
2009/2/22 0:00,262750
2009/2/24 0:00,273650
2009/2/26 0:00,283800
2009/2/28 0:00,295050
2009/3/2 0:00,305550
2009/3/4 0:00,316150
2009/3/6 0:00,327350
2009/3/8 0:00,338500
2009/3/10 0:00,349400
2009/3/12 0:00,360700
2009/3/14 0:00,372200
2009/3/16 0:00,384250
2009/3/18 0:00,395500
2009/3/20 0:00,407500
2009/3/22 0:00,416100
2009/3/24 0:00,427950
2009/3/26 0:00,439400
2009/3/28 0:00,450850
2009/3/30 0:00,462700
2009/4/1 0:00,473700
2009/4/3 0:00,485350
2009/4/5 0:00,497450
2009/4/7 0:00,508150
2009/4/9 0:00,518300
2009/4/11 0:00,529550
2009/4/13 0:00,541050
2009/4/15 0:00,553000
2009/4/17 0:00,564900
2009/4/19 0:00,576950
2009/4/21 0:00,588950
2009/4/23 0:00,599000
2009/4/25 0:00,610750
2009/4/27 0:00,621450
2009/4/29 0:00,633450
2009/5/1 0:00,646200
2009/5/3 0:00,658050
2009/5/5 0:00,670750
2009/5/7 0:00,683650
2009/5/9 0:00,694300
2009/5/11 0:00,703350
2009/5/13 0:00,715450
2009/5/15 0:00,729250
2009/5/17 0:00,741200
2009/5/19 0:00,752400
2009/5/21 0:00,762050
2009/5/23 0:00,766550
2009/5/25 0:00,776950
2009/5/27 0:00,788850
2009/5/29 0:00,799350
2009/5/31 0:00,810400
2009/6/2 0:00,818500
2009/6/4 0:00,825350
2009/6/6 0:00,829400
2009/6/8 0:00,833200
2009/6/10 0:00,842050
2009/6/12 0:00,851250
2009/6/14 0:00,858450
2009/6/16 0:00,866200
2009/6/18 0:00,874100
2009/6/20 0:00,882650
2009/6/22 0:00,890400
2009/6/24 0:00,898450
2009/6/26 0:00,906600
2009/6/28 0:00,913400
2009/6/30 0:00,921550
2009/7/2 0:00,929300
2009/7/4 0:00,937900
2009/7/6 0:00,946450
2009/7/8 0:00,953550
2009/7/10 0:00,961700
2009/7/12 0:00,969700
2009/7/14 0:00,977100
2009/7/16 0:00,982850
2009/7/18 0:00,986250
2009/7/20 0:00,992600
2009/7/22 0:00,999750
2009/7/24 0:00,1006800
2009/7/26 0:00,1010100
2009/7/28 0:00,1015500
2009/7/30 0:00,1017800
2009/8/1 0:00,1019550
2009/8/3 0:00,1021800
2009/8/5 0:00,1029250
2009/8/7 0:00,1037750
2009/8/9 0:00,1046750
2009/8/11 0:00,1054200
2009/8/13 0:00,1061650
2009/8/15 0:00,1066600
2009/8/17 0:00,1068700
2009/8/19 0:00,1069900
2009/8/21 0:00,1071900
2009/8/23 0:00,1072900
2009/8/25 0:00,1076050
2009/8/27 0:00,1079650
2009/8/29 0:00,1087000
2009/8/31 0:00,1096200
2009/9/2 0:00,1103550
2009/9/4 0:00,1109700
2009/9/6 0:00,1116850
2009/9/8 0:00,1124050
2009/9/10 0:00,1130000
2009/9/12 0:00,1136950
2009/9/14 0:00,1144500
2009/9/16 0:00,1150200
2009/9/18 0:00,1158400
2009/9/20 0:00,1165900
2009/9/22 0:00,1171300
2009/9/24 0:00,1176750
2009/9/26 0:00,1186450
2009/9/28 0:00,1195300
2009/9/30 0:00,1203800
2009/10/2 0:00,1211800
2009/10/4 0:00,1217750
2009/10/6 0:00,1222700
2009/10/8 0:00,1228750
2009/10/10 0:00,1236500
2009/10/12 0:00,1243550
2009/10/14 0:00,1248900
2009/10/16 0:00,1256400
2009/10/18 0:00,1262350
2009/10/20 0:00,1272850
2009/10/22 0:00,1281300
2009/10/24 0:00,1289400
2009/10/26 0:00,1296300
2009/10/28 0:00,1302800
2009/10/30 0:00,1308350
2009/11/1 0:00,1312100
2009/11/3 0:00,1316600
2009/11/5 0:00,1322900
2009/11/7 0:00,1329150
2009/11/9 0:00,1335900
2009/11/11 0:00,1342900
2009/11/13 0:00,1349900
2009/11/15 0:00,1358850
2009/11/17 0:00,1368400
2009/11/19 0:00,1376000
2009/11/21 0:00,1383950
2009/11/23 0:00,1393750
2009/11/25 0:00,1403100
2009/11/27 0:00,1410750
2009/11/29 0:00,1417550
2009/12/1 0:00,1424550
2009/12/3 0:00,1433700
2009/12/5 0:00,1438750
2009/12/7 0:00,1448700
2009/12/9 0:00,1459350
2009/12/11 0:00,1470750
2009/12/13 0:00,1481000
2009/12/15 0:00,1492200
2009/12/17 0:00,1506200
2009/12/19 0:00,1527400
2009/12/21 0:00,1545500
2009/12/23 0:00,1561550
2009/12/25 0:00,1576600
2009/12/27 0:00,1593000
2009/12/29 0:00,1608100
2009/12/31 0:00,1623400
2010/1/2 0:00,1635850
2010/1/4 0:00,1653500
2010/1/6 0:00,1671800
2010/1/8 0:00,1687250
2010/1/10 0:00,1704200
2010/1/12 0:00,1720200
2010/1/14 0:00,1736000
2010/1/16 0:00,1749500
2010/1/18 0:00,1762150
2010/1/20 0:00,1775100
2010/1/22 0:00,1791500
2010/1/24 0:00,1806300
2010/1/26 0:00,1826550
2010/1/28 0:00,1844050
2010/1/30 0:00,1862700
2010/2/1 0:00,1881950
2010/2/3 0:00,1901200
2010/2/5 0:00,1925000
2010/2/7 0:00,1944900
2010/2/9 0:00,1965900
2010/2/11 0:00,1982750
2010/2/13 0:00,2003300
2010/2/15 0:00,2022850
2010/2/17 0:00,2043200
2010/2/19 0:00,2063600
2010/2/21 0:00,2085400
2010/2/23 0:00,2110700
2010/2/25 0:00,2127600
2010/2/27 0:00,2144750
2010/3/1 0:00,2162150
2010/3/3 0:00,2179350
2010/3/5 0:00,2197200
2010/3/7 0:00,2215000
2010/3/9 0:00,2229200
2010/3/11 0:00,2243950
2010/3/13 0:00,2257750
2010/3/15 0:00,2270200
2010/3/17 0:00,2283150
2010/3/19 0:00,2297600
2010/3/21 0:00,2316300
2010/3/23 0:00,2335400
2010/3/25 0:00,2353400
2010/3/27 0:00,2371850
2010/3/29 0:00,2391150
2010/3/31 0:00,2412050
2010/4/2 0:00,2428900
2010/4/4 0:00,2445500
2010/4/6 0:00,2461050
2010/4/8 0:00,2480450
2010/4/10 0:00,2501300
2010/4/12 0:00,2524100
2010/4/14 0:00,2542350
2010/4/16 0:00,2562750
2010/4/18 0:00,2586500
2010/4/20 0:00,2607600
2010/4/22 0:00,2627500
2010/4/24 0:00,2642350
2010/4/26 0:00,2659300
2010/4/28 0:00,2676550
2010/4/30 0:00,2692150
2010/5/2 0:00,2708800
2010/5/4 0:00,2723300
2010/5/6 0:00,2738150
2010/5/8 0:00,2752100
2010/5/10 0:00,2766050
2010/5/12 0:00,2777850
2010/5/14 0:00,2790350
2010/5/16 0:00,2800450
2010/5/18 0:00,2816050
2010/5/20 0:00,2833300
2010/5/22 0:00,2852150
2010/5/24 0:00,2872400
2010/5/26 0:00,2893750
2010/5/28 0:00,2914450
2010/5/30 0:00,2931850
2010/6/1 0:00,2946100
2010/6/3 0:00,2960600
2010/6/5 0:00,2974200
2010/6/7 0:00,2989550
2010/6/9 0:00,3005550
2010/6/11 0:00,3022300
2010/6/13 0:00,3037200
2010/6/15 0:00,3054600
2010/6/17 0:00,3069100
2010/6/19 0:00,3084400
2010/6/21 0:00,3101150
2010/6/23 0:00,3117600
2010/6/25 0:00,3134300
2010/6/27 0:00,3150400
2010/6/29 0:00,3166600
2010/7/1 0:00,3186200
2010/7/3 0:00,3204950
2010/7/5 0:00,3223050
2010/7/7 0:00,3239150
2010/7/9 0:00,3256500
2010/7/11 0:00,3275100
2010/7/13 0:00,3337950
2010/7/15 0:00,3397850
2010/7/17 0:00,3436900
2010/7/19 0:00,3454050
2010/7/21 0:00,3473050
2010/7/23 0:00,3492100
2010/7/25 0:00,3512050
2010/7/27 0:00,3533800
2010/7/29 0:00,3550650
2010/7/31 0:00,3569200
2010/8/2 0:00,3592950
2010/8/4 0:00,3615750
2010/8/6 0:00,3636000
2010/8/8 0:00,3652700
2010/8/10 0:00,3672500
2010/8/12 0:00,3694250
2010/8/14 0:00,3718150
2010/8/16 0:00,3737700
2010/8/18 0:00,3750900
2010/8/20 0:00,3766250
2010/8/22 0:00,3785400
2010/8/24 0:00,3806500
2010/8/26 0:00,3828250
2010/8/28 0:00,3846100
2010/8/30 0:00,3861450
2010/9/1 0:00,3879000
2010/9/3 0:00,3894550
2010/9/5 0:00,3911600
2010/9/7 0:00,3927600
2010/9/9 0:00,3942750
2010/9/11 0:00,3959400
2010/9/13 0:00,3976750
2010/9/15 0:00,3995900
2010/9/17 0:00,4016200
2010/9/19 0:00,4038550
2010/9/21 0:00,4057950
2010/9/23 0:00,4077200
2010/9/25 0:00,4099600
2010/9/27 0:00,4121350
2010/9/29 0:00,4141000
2010/10/1 0:00,4155850
2010/10/3 0:00,4167350
2010/10/5 0:00,4181200
2010/10/7 0:00,4197450
2010/10/9 0:00,4212850
2010/10/11 0:00,4229700
2010/10/13 0:00,4246150
2010/10/15 0:00,4265000
2010/10/17 0:00,4291050
2010/10/19 0:00,4316250
2010/10/21 0:00,4339600
2010/10/23 0:00,4355950
2010/10/25 0:00,4375900
2010/10/27 0:00,4398600
2010/10/29 0:00,4421100
2010/10/31 0:00,4442200
2010/11/2 0:00,4460000
2010/11/4 0:00,4479600
2010/11/6 0:00,4500650
2010/11/8 0:00,4526100
2010/11/10 0:00,4547750
2010/11/12 0:00,4567900
2010/11/14 0:00,4590750
2010/11/16 0:00,4610850
2010/11/18 0:00,4636500
2010/11/20 0:00,4650550
2010/11/22 0:00,4665300
2010/11/24 0:00,4681750
2010/11/26 0:00,4699500
2010/11/28 0:00,4716950
2010/11/30 0:00,4738050
2010/12/2 0:00,4756550
2010/12/4 0:00,4777100
2010/12/6 0:00,4801000
2010/12/8 0:00,4824200
2010/12/10 0:00,4844200
2010/12/12 0:00,4861500
2010/12/14 0:00,4877250
2010/12/16 0:00,4895500
2010/12/18 0:00,4912050
2010/12/20 0:00,4929200
2010/12/22 0:00,4946950
2010/12/24 0:00,4961600
2010/12/26 0:00,4977050
2010/12/28 0:00,4993550
2010/12/30 0:00,5010150
2011/1/1 0:00,5027250
2011/1/3 0:00,5044450
2011/1/5 0:00,5059050
2011/1/7 0:00,5073600
2011/1/9 0:00,5090800
2011/1/11 0:00,5107250
2011/1/13 0:00,5124850
2011/1/15 0:00,5142150
2011/1/17 0:00,5159450
2011/1/19 0:00,5176100
2011/1/21 0:00,5193400
2011/1/23 0:00,5210100
2011/1/25 0:00,5226900
2011/1/27 0:00,5244650
2011/1/29 0:00,5260300
2011/1/31 0:00,5276000
2011/2/2 0:00,5293050
2011/2/4 0:00,5310000
2011/2/6 0:00,5327900
2011/2/8 0:00,5346800
2011/2/10 0:00,5365400
2011/2/12 0:00,5384450
2011/2/14 0:00,5403950
2011/2/16 0:00,5426100
2011/2/18 0:00,5448900
2011/2/20 0:00,5467100
2011/2/22 0:00,5487000
2011/2/24 0:00,5509850
2011/2/26 0:00,5533500
2011/2/28 0:00,5555400
2011/3/2 0:00,5570350
2011/3/4 0:00,5589450
2011/3/6 0:00,5616200
2011/3/8 0:00,5637600
2011/3/10 0:00,5651450
2011/3/12 0:00,5665050
2011/3/14 0:00,5676850
2011/3/16 0:00,5689000
2011/3/18 0:00,5702450
2011/3/20 0:00,5714150
2011/3/22 0:00,5728200
2011/3/24 0:00,5743200
2011/3/26 0:00,5758350
2011/3/28 0:00,5774150
2011/3/30 0:00,5789650
2011/4/1 0:00,5808500
2011/4/3 0:00,5826300
2011/4/5 0:00,5845400
2011/4/7 0:00,5860450
2011/4/9 0:00,5876200
2011/4/11 0:00,5892300
2011/4/13 0:00,5910700
2011/4/15 0:00,5925600
2011/4/17 0:00,5942850
2011/4/19 0:00,5957700
2011/4/21 0:00,5973150
2011/4/23 0:00,5990300
2011/4/25 0:00,6007600
2011/4/27 0:00,6026750
2011/4/29 0:00,6044800
2011/5/1 0:00,6063850
2011/5/3 0:00,6083100
2011/5/5 0:00,6103800
2011/5/7 0:00,6124700
2011/5/9 0:00,6147450
2011/5/11 0:00,6166800
2011/5/13 0:00,6185050
2011/5/15 0:00,6208850
2011/5/17 0:00,6233050
2011/5/19 0:00,6256250
2011/5/21 0:00,6278100
2011/5/23 0:00,6304650
2011/5/25 0:00,6334000
2011/5/27 0:00,6359800
2011/5/29 0:00,6376200
2011/5/31 0:00,6391350
2011/6/2 0:00,6409750
2011/6/4 0:00,6430700
2011/6/6 0:00,6453600
2011/6/8 0:00,6471200
2011/6/10 0:00,6493100
2011/6/12 0:00,6516600
2011/6/14 0:00,6540100
2011/6/16 0:00,6564250
2011/6/18 0:00,6583350
2011/6/20 0:00,6605900
2011/6/22 0:00,6630950
2011/6/24 0:00,6654850
2011/6/26 0:00,6670150
2011/6/28 0:00,6685800
2011/6/30 0:00,6703700
2011/7/2 0:00,6721450
2011/7/4 0:00,6737650
2011/7/6 0:00,6753000
2011/7/8 0:00,6767150
2011/7/10 0:00,6782250
2011/7/12 0:00,6796900
2011/7/14 0:00,6813750
2011/7/16 0:00,6829750
2011/7/18 0:00,6845850
2011/7/20 0:00,6861200
2011/7/22 0:00,6876100
2011/7/24 0:00,6892150
2011/7/26 0:00,6908450
2011/7/28 0:00,6925800
2011/7/30 0:00,6941450
2011/8/1 0:00,6958600
2011/8/3 0:00,6973900
2011/8/5 0:00,6987450
2011/8/7 0:00,7000100
2011/8/9 0:00,7013200
2011/8/11 0:00,7028250
2011/8/13 0:00,7041500
2011/8/15 0:00,7054800
2011/8/17 0:00,7068000
2011/8/19 0:00,7082650
2011/8/21 0:00,7097150
2011/8/23 0:00,7114450
2011/8/25 0:00,7127400
2011/8/27 0:00,7141650
2011/8/29 0:00,7153600
2011/8/31 0:00,7168900
2011/9/2 0:00,7183350
2011/9/4 0:00,7196750
2011/9/6 0:00,7211950
2011/9/8 0:00,7225550
2011/9/10 0:00,7239700
2011/9/12 0:00,7253100
2011/9/14 0:00,7267500
2011/9/16 0:00,7281200
2011/9/18 0:00,7295700
2011/9/20 0:00,7308750
2011/9/22 0:00,7323650
2011/9/24 0:00,7336550
2011/9/26 0:00,7350500
2011/9/28 0:00,7363950
2011/9/30 0:00,7376800
2011/10/2 0:00,7390150
2011/10/4 0:00,7403150
2011/10/6 0:00,7416650
2011/10/8 0:00,7429500
2011/10/10 0:00,7441550
2011/10/12 0:00,7452800
2011/10/14 0:00,7464000
2011/10/16 0:00,7477200
2011/10/18 0:00,7489200
2011/10/20 0:00,7500950
2011/10/22 0:00,7512550
2011/10/24 0:00,7523950
2011/10/26 0:00,7535900
2011/10/28 0:00,7546750
2011/10/30 0:00,7557550
2011/11/1 0:00,7571700
2011/11/3 0:00,7585600
2011/11/5 0:00,7600250
2011/11/7 0:00,7614200
2011/11/9 0:00,7629400
2011/11/11 0:00,7642750
2011/11/13 0:00,7656850
2011/11/15 0:00,7672300
2011/11/17 0:00,7686200
2011/11/19 0:00,7699200
2011/11/21 0:00,7712350
2011/11/23 0:00,7725650
2011/11/25 0:00,7737750
2011/11/27 0:00,7749800
2011/11/29 0:00,7762950
2011/12/1 0:00,7779500
2011/12/3 0:00,7794850
2011/12/5 0:00,7809700
2011/12/7 0:00,7825000
2011/12/9 0:00,7840250
2011/12/11 0:00,7855350
2011/12/13 0:00,7868500
2011/12/15 0:00,7881850
2011/12/17 0:00,7895350
2011/12/19 0:00,7910250
2011/12/21 0:00,7924750
2011/12/23 0:00,7939250
2011/12/25 0:00,7954550
2011/12/27 0:00,7971100
2011/12/29 0:00,7985600
2011/12/31 0:00,8000050
2012/1/2 0:00,8015100
2012/1/4 0:00,8030900
2012/1/6 0:00,8046750
2012/1/8 0:00,8063850
2012/1/10 0:00,8079200
2012/1/12 0:00,8095100
2012/1/14 0:00,8109300
2012/1/16 0:00,8124600
2012/1/18 0:00,8139600
2012/1/20 0:00,8153300
2012/1/22 0:00,8168750
2012/1/24 0:00,8184050
2012/1/26 0:00,8198300
2012/1/28 0:00,8213000
2012/1/30 0:00,8229450
2012/2/1 0:00,8244100
2012/2/3 0:00,8260250
2012/2/5 0:00,8275250
2012/2/7 0:00,8289800
2012/2/9 0:00,8303600
2012/2/11 0:00,8317850
2012/2/13 0:00,8333200
2012/2/15 0:00,8347100
2012/2/17 0:00,8360650
2012/2/19 0:00,8377250
2012/2/21 0:00,8390950
2012/2/23 0:00,8407200
2012/2/25 0:00,8422800
2012/2/27 0:00,8438300
2012/2/29 0:00,8455100
2012/3/2 0:00,8469550
2012/3/4 0:00,8482000
2012/3/6 0:00,8496000
2012/3/8 0:00,8511250
2012/3/10 0:00,8528200
2012/3/12 0:00,8543300
2012/3/14 0:00,8557800
2012/3/16 0:00,8571400
2012/3/18 0:00,8587800
2012/3/20 0:00,8603100
2012/3/22 0:00,8619000
2012/3/24 0:00,8634100
2012/3/26 0:00,8650050
2012/3/28 0:00,8665400
2012/3/30 0:00,8679850
2012/4/1 0:00,8695500
2012/4/3 0:00,8708250
2012/4/5 0:00,8721250
2012/4/7 0:00,8734000
2012/4/9 0:00,8748850
2012/4/11 0:00,8763150
2012/4/13 0:00,8776350
2012/4/15 0:00,8788850
2012/4/17 0:00,8802600
2012/4/19 0:00,8816500
2012/4/21 0:00,8831600
2012/4/23 0:00,8846450
2012/4/25 0:00,8859500
2012/4/27 0:00,8873500
2012/4/29 0:00,8889600
2012/5/1 0:00,8907000
2012/5/3 0:00,8923000
2012/5/5 0:00,8938550
2012/5/7 0:00,8955700
2012/5/9 0:00,8973200
2012/5/11 0:00,8986550
2012/5/13 0:00,9000000
2012/5/15 0:00,9013700
2012/5/17 0:00,9025200
2012/5/19 0:00,9039700
2012/5/21 0:00,9053400
2012/5/23 0:00,9065300
2012/5/25 0:00,9077850
2012/5/27 0:00,9092800
2012/5/29 0:00,9106500
2012/5/31 0:00,9119800
2012/6/2 0:00,9135150
2012/6/4 0:00,9150600
2012/6/6 0:00,9165850
2012/6/8 0:00,9179550
2012/6/10 0:00,9196400
2012/6/12 0:00,9211100
2012/6/14 0:00,9226500
2012/6/16 0:00,9242450
2012/6/18 0:00,9258450
2012/6/20 0:00,9274350
2012/6/22 0:00,9287500
2012/6/24 0:00,9302600
2012/6/26 0:00,9317650
2012/6/28 0:00,9332500
2012/6/30 0:00,9346600
2012/7/2 0:00,9361550
2012/7/4 0:00,9376750
2012/7/6 0:00,9391250
2012/7/8 0:00,9407450
2012/7/10 0:00,9423250
2012/7/12 0:00,9437650
2012/7/14 0:00,9453150
2012/7/16 0:00,9468000
2012/7/18 0:00,9484400
2012/7/20 0:00,9498500
2012/7/22 0:00,9512950
2012/7/24 0:00,9528500
2012/7/26 0:00,9545100
2012/7/28 0:00,9562000
2012/7/30 0:00,9578500
2012/8/1 0:00,9592200
2012/8/3 0:00,9608550
2012/8/5 0:00,9623300
2012/8/7 0:00,9637800
2012/8/9 0:00,9654250
2012/8/11 0:00,9670350
2012/8/13 0:00,9686450
2012/8/15 0:00,9703150
2012/8/17 0:00,9718000
2012/8/19 0:00,9733300
2012/8/21 0:00,9751800
2012/8/23 0:00,9767500
2012/8/25 0:00,9781850
2012/8/27 0:00,9798100
2012/8/29 0:00,9813900
2012/8/31 0:00,9828950
2012/9/2 0:00,9844750
2012/9/4 0:00,9860150
2012/9/6 0:00,9878450
2012/9/8 0:00,9894050
2012/9/10 0:00,9908900
2012/9/12 0:00,9923850
2012/9/14 0:00,9939200
2012/9/16 0:00,9953850
2012/9/18 0:00,9971000
2012/9/20 0:00,9985500
2012/9/22 0:00,10002250
2012/9/24 0:00,10017500
2012/9/26 0:00,10032100
2012/9/28 0:00,10047450
2012/9/30 0:00,10063450
2012/10/2 0:00,10077650
2012/10/4 0:00,10091250
2012/10/6 0:00,10105150
2012/10/8 0:00,10120300
2012/10/10 0:00,10135000
2012/10/12 0:00,10149450
2012/10/14 0:00,10163650
2012/10/16 0:00,10179100
2012/10/18 0:00,10193900
2012/10/20 0:00,10208750
2012/10/22 0:00,10224950
2012/10/24 0:00,10239600
2012/10/26 0:00,10254550
2012/10/28 0:00,10271900
2012/10/30 0:00,10287250
2012/11/1 0:00,10300950
2012/11/3 0:00,10315350
2012/11/5 0:00,10331000
2012/11/7 0:00,10345650
2012/11/9 0:00,10361000
2012/11/11 0:00,10375600
2012/11/13 0:00,10389450
2012/11/15 0:00,10403450
2012/11/17 0:00,10417550
2012/11/19 0:00,10431650
2012/11/21 0:00,10447300
2012/11/23 0:00,10461900
2012/11/25 0:00,10477050
2012/11/27 0:00,10492600
2012/11/29 0:00,10504650
2012/12/1 0:00,10511875
2012/12/3 0:00,10519400
2012/12/5 0:00,10525175
2012/12/7 0:00,10531850
2012/12/9 0:00,10538475
2012/12/11 0:00,10545650
2012/12/13 0:00,10552275
2012/12/15 0:00,10557825
2012/12/17 0:00,10563850
2012/12/19 0:00,10570575
2012/12/21 0:00,10576300
2012/12/23 0:00,10583350
2012/12/25 0:00,10589600
2012/12/27 0:00,10597225
2012/12/29 0:00,10604975
2012/12/31 0:00,10613175
2013/1/2 0:00,10621175
2013/1/4 0:00,10628700
2013/1/6 0:00,10635975
2013/1/8 0:00,10643750
2013/1/10 0:00,10650750
2013/1/12 0:00,10656750
2013/1/14 0:00,10663650
2013/1/16 0:00,10669900
2013/1/18 0:00,10676100
2013/1/20 0:00,10682925
2013/1/22 0:00,10689775
2013/1/24 0:00,10696825
2013/1/26 0:00,10704050
2013/1/28 0:00,10711550
2013/1/30 0:00,10719225
2013/2/1 0:00,10727800
2013/2/3 0:00,10735950
2013/2/5 0:00,10744650
2013/2/7 0:00,10752200
2013/2/9 0:00,10759400
2013/2/11 0:00,10767475
2013/2/13 0:00,10774975
2013/2/15 0:00,10783475
2013/2/17 0:00,10792850
2013/2/19 0:00,10801025
2013/2/21 0:00,10810275
2013/2/23 0:00,10818350
2013/2/25 0:00,10827325
2013/2/27 0:00,10836275
2013/3/1 0:00,10844500
2013/3/3 0:00,10852050
2013/3/5 0:00,10860175
2013/3/7 0:00,10868025
2013/3/9 0:00,10875925
2013/3/11 0:00,10885200
2013/3/13 0:00,10892000
2013/3/15 0:00,10900875
2013/3/17 0:00,10910350
2013/3/19 0:00,10919750
2013/3/21 0:00,10930000
2013/3/23 0:00,10940875
2013/3/25 0:00,10949700
2013/3/27 0:00,10956750
2013/3/29 0:00,10965775
2013/3/31 0:00,10973850
2013/4/2 0:00,10983675
2013/4/4 0:00,10992125
2013/4/6 0:00,10999925
2013/4/8 0:00,11008200
2013/4/10 0:00,11017000
2013/4/12 0:00,11025425
2013/4/14 0:00,11033475
2013/4/16 0:00,11042050
2013/4/18 0:00,11050300
2013/4/20 0:00,11057050
2013/4/22 0:00,11065450
2013/4/24 0:00,11073800
2013/4/26 0:00,11082075
2013/4/28 0:00,11090225
2013/4/30 0:00,11098475
2013/5/2 0:00,11105600
2013/5/4 0:00,11113125
2013/5/6 0:00,11121050
2013/5/8 0:00,11129525
2013/5/10 0:00,11137850
2013/5/12 0:00,11146675
2013/5/14 0:00,11154850
2013/5/16 0:00,11162150
2013/5/18 0:00,11169850
2013/5/20 0:00,11177150
2013/5/22 0:00,11185025
2013/5/24 0:00,11193100
2013/5/26 0:00,11201425
2013/5/28 0:00,11209775
2013/5/30 0:00,11218200
2013/6/1 0:00,11227800
2013/6/3 0:00,11238125
2013/6/5 0:00,11248425
2013/6/7 0:00,11256900
2013/6/9 0:00,11265275
2013/6/11 0:00,11274175
2013/6/13 0:00,11284000
2013/6/15 0:00,11292700
2013/6/17 0:00,11301225
2013/6/19 0:00,11308000
2013/6/21 0:00,11315975
2013/6/23 0:00,11324675
2013/6/25 0:00,11331950
2013/6/27 0:00,11340825
2013/6/29 0:00,11349050
2013/7/1 0:00,11356975
2013/7/3 0:00,11365275
2013/7/5 0:00,11373950
2013/7/7 0:00,11383325
2013/7/9 0:00,11393000
2013/7/11 0:00,11402075
2013/7/13 0:00,11409975
2013/7/15 0:00,11418325
2013/7/17 0:00,11426650
2013/7/19 0:00,11435175
2013/7/21 0:00,11444725
2013/7/23 0:00,11452850
2013/7/25 0:00,11460125
2013/7/27 0:00,11468700
2013/7/29 0:00,11477275
2013/7/31 0:00,11486875
2013/8/2 0:00,11496250
2013/8/4 0:00,11505000
2013/8/6 0:00,11514525
2013/8/8 0:00,11523975
2013/8/10 0:00,11534150
2013/8/12 0:00,11545225
2013/8/14 0:00,11553875
2013/8/16 0:00,11562350
2013/8/18 0:00,11571950
2013/8/20 0:00,11580925
2013/8/22 0:00,11591275
2013/8/24 0:00,11601300
2013/8/26 0:00,11608950
2013/8/28 0:00,11617425
2013/8/30 0:00,11627225
2013/9/1 0:00,11638150
2013/9/3 0:00,11648650
2013/9/5 0:00,11657075
2013/9/7 0:00,11665900
2013/9/9 0:00,11674450
2013/9/11 0:00,11684125
2013/9/13 0:00,11694575
2013/9/15 0:00,11704550
2013/9/17 0:00,11713200
2013/9/19 0:00,11721850
2013/9/21 0:00,11731350
2013/9/23 0:00,11742025
2013/9/25 0:00,11752400
2013/9/27 0:00,11761075
2013/9/29 0:00,11769550
2013/10/1 0:00,11778550
2013/10/3 0:00,11788075
2013/10/5 0:00,11797800
2013/10/7 0:00,11806675
2013/10/9 0:00,11815150
2013/10/11 0:00,11824450
2013/10/13 0:00,11835100
2013/10/15 0:00,11847750
2013/10/17 0:00,11857700
2013/10/19 0:00,11867500
2013/10/21 0:00,11877925
2013/10/23 0:00,11889425
2013/10/25 0:00,11900650
2013/10/27 0:00,11910050
2013/10/29 0:00,11918450
2013/10/31 0:00,11928575
2013/11/2 0:00,11938750
2013/11/4 0:00,11948650
2013/11/6 0:00,11956950
2013/11/8 0:00,11964125
2013/11/10 0:00,11971875
2013/11/12 0:00,11981475
2013/11/14 0:00,11990400
2013/11/16 0:00,11999375
2013/11/18 0:00,12008300
2013/11/20 0:00,12016250
2013/11/22 0:00,12024100
2013/11/24 0:00,12032450
2013/11/26 0:00,12041050
2013/11/28 0:00,12049750
2013/11/30 0:00,12058375
2013/12/2 0:00,12067325
2013/12/4 0:00,12076500
2013/12/6 0:00,12086050
2013/12/8 0:00,12095325
2013/12/10 0:00,12105225
2013/12/12 0:00,12113325
2013/12/14 0:00,12122475
2013/12/16 0:00,12131750
2013/12/18 0:00,12141925
2013/12/20 0:00,12152375
2013/12/22 0:00,12160600
2013/12/24 0:00,12168725
2013/12/26 0:00,12177500
2013/12/28 0:00,12185975
2013/12/30 0:00,12194575
2014/1/1 0:00,12203800
2014/1/3 0:00,12211525
2014/1/5 0:00,12219725
2014/1/7 0:00,12228825
2014/1/9 0:00,12238275
2014/1/11 0:00,12248500
2014/1/13 0:00,12258325
2014/1/15 0:00,12266450
2014/1/17 0:00,12275275
2014/1/19 0:00,12283950
2014/1/21 0:00,12292825
2014/1/23 0:00,12302025
2014/1/25 0:00,12310800
2014/1/27 0:00,12318825
2014/1/29 0:00,12326925
2014/1/31 0:00,12335525
2014/2/2 0:00,12344900
2014/2/4 0:00,12353975
2014/2/6 0:00,12362425
2014/2/8 0:00,12370925
2014/2/10 0:00,12378525
2014/2/12 0:00,12386875
2014/2/14 0:00,12396150
2014/2/16 0:00,12405475
2014/2/18 0:00,12413800
2014/2/20 0:00,12422850
2014/2/22 0:00,12431150
2014/2/24 0:00,12440250
2014/2/26 0:00,12449025
2014/2/28 0:00,12458275
2014/3/2 0:00,12465700
2014/3/4 0:00,12472725
2014/3/6 0:00,12480800
2014/3/8 0:00,12489350
2014/3/10 0:00,12497575
2014/3/12 0:00,12505975
2014/3/14 0:00,12513675
2014/3/16 0:00,12522000
2014/3/18 0:00,12530075
2014/3/20 0:00,12538125
2014/3/22 0:00,12547050
2014/3/24 0:00,12557150
2014/3/26 0:00,12564875
2014/3/28 0:00,12573625
2014/3/30 0:00,12581625
2014/4/1 0:00,12590300
2014/4/3 0:00,12600125
2014/4/5 0:00,12609625
2014/4/7 0:00,12616825
2014/4/9 0:00,12624350
2014/4/11 0:00,12632450
2014/4/13 0:00,12641425
2014/4/15 0:00,12650850
2014/4/17 0:00,12658925
2014/4/19 0:00,12666900
2014/4/21 0:00,12675575
2014/4/23 0:00,12683800
2014/4/25 0:00,12691575
2014/4/27 0:00,12700200
2014/4/29 0:00,12708300
2014/5/1 0:00,12716150
2014/5/3 0:00,12724000
2014/5/5 0:00,12730925
2014/5/7 0:00,12739650
2014/5/9 0:00,12747700
2014/5/11 0:00,12756275
2014/5/13 0:00,12764450
2014/5/15 0:00,12772350
2014/5/17 0:00,12781475
2014/5/19 0:00,12789750
2014/5/21 0:00,12798675
2014/5/23 0:00,12806800
2014/5/25 0:00,12814775
2014/5/27 0:00,12822225
2014/5/29 0:00,12829925
2014/5/31 0:00,12837800
2014/6/2 0:00,12846750
2014/6/4 0:00,12856025
2014/6/6 0:00,12863350
2014/6/8 0:00,12870925
2014/6/10 0:00,12878750
2014/6/12 0:00,12886275
2014/6/14 0:00,12894875
2014/6/16 0:00,12904600
2014/6/18 0:00,12913300
2014/6/20 0:00,12921700
2014/6/22 0:00,12931250
2014/6/24 0:00,12940150
2014/6/26 0:00,12949075
2014/6/28 0:00,12958425
2014/6/30 0:00,12965900
2014/7/2 0:00,12972825
2014/7/4 0:00,12980150
2014/7/6 0:00,12987675
2014/7/8 0:00,12995200
2014/7/10 0:00,13003025
2014/7/12 0:00,13010900
2014/7/14 0:00,13018375
2014/7/16 0:00,13025950
2014/7/18 0:00,13034200
2014/7/20 0:00,13042750
2014/7/22 0:00,13050050
2014/7/24 0:00,13057425
2014/7/26 0:00,13064850
2014/7/28 0:00,13072275
2014/7/30 0:00,13080375
2014/8/1 0:00,13088050
2014/8/3 0:00,13096075
2014/8/5 0:00,13102750
2014/8/7 0:00,13110500
2014/8/9 0:00,13118850
2014/8/11 0:00,13127875
2014/8/13 0:00,13136325
2014/8/15 0:00,13144650
2014/8/17 0:00,13153050
2014/8/19 0:00,13162575
2014/8/21 0:00,13170725
2014/8/23 0:00,13178675
2014/8/25 0:00,13186125
2014/8/27 0:00,13194300
2014/8/29 0:00,13202975
2014/8/31 0:00,13212150
2014/9/2 0:00,13219475
2014/9/4 0:00,13227625
2014/9/6 0:00,13235550
2014/9/8 0:00,13243475
2014/9/10 0:00,13250675
2014/9/12 0:00,13258750
2014/9/14 0:00,13267425
2014/9/16 0:00,13275350
2014/9/18 0:00,13284700
2014/9/20 0:00,13293075
2014/9/22 0:00,13301375
2014/9/24 0:00,13309225
2014/9/26 0:00,13317075
2014/9/28 0:00,13323750
2014/9/30 0:00,13331000
2014/10/2 0:00,13338325
2014/10/4 0:00,13345425
2014/10/6 0:00,13353875
2014/10/8 0:00,13360925
2014/10/10 0:00,13368450
2014/10/12 0:00,13375725
2014/10/14 0:00,13383050
2014/10/16 0:00,13390475
2014/10/18 0:00,13398050
2014/10/20 0:00,13404850
2014/10/22 0:00,13412625
2014/10/24 0:00,13420275
2014/10/26 0:00,13427325
2014/10/28 0:00,13434800
2014/10/30 0:00,13442725
2014/11/1 0:00,13451425
2014/11/3 0:00,13459400
2014/11/5 0:00,13467500
2014/11/7 0:00,13474725
2014/11/9 0:00,13482100
2014/11/11 0:00,13489575
2014/11/13 0:00,13496600
2014/11/15 0:00,13504000
2014/11/17 0:00,13511425
2014/11/19 0:00,13518600
2014/11/21 0:00,13525125
2014/11/23 0:00,13532600
2014/11/25 0:00,13539675
2014/11/27 0:00,13546525
2014/11/29 0:00,13554175
2014/12/1 0:00,13561650
2014/12/3 0:00,13568225
2014/12/5 0:00,13575675
2014/12/7 0:00,13582350
2014/12/9 0:00,13589575
2014/12/11 0:00,13597300
2014/12/13 0:00,13604425
2014/12/15 0:00,13611550
2014/12/17 0:00,13618050
2014/12/19 0:00,13624625
2014/12/21 0:00,13631775
2014/12/23 0:00,13639050
2014/12/25 0:00,13647050
2014/12/27 0:00,13654650
2014/12/29 0:00,13663050
2014/12/31 0:00,13670575
2015/1/2 0:00,13678725
2015/1/4 0:00,13686975
2015/1/6 0:00,13695100
2015/1/8 0:00,13702175
2015/1/10 0:00,13709500
2015/1/12 0:00,13717275
2015/1/14 0:00,13723675
2015/1/16 0:00,13730875
2015/1/18 0:00,13738025
2015/1/20 0:00,13744900
2015/1/22 0:00,13752075
2015/1/24 0:00,13758200
2015/1/26 0:00,13764525
2015/1/28 0:00,13772100
2015/1/30 0:00,13779825
2015/2/1 0:00,13787950
2015/2/3 0:00,13795000
2015/2/5 0:00,13802700
2015/2/7 0:00,13811375
2015/2/9 0:00,13818450
2015/2/11 0:00,13825950
2015/2/13 0:00,13832850
2015/2/15 0:00,13840225
2015/2/17 0:00,13848050
2015/2/19 0:00,13856175
2015/2/21 0:00,13863775
2015/2/23 0:00,13870975
2015/2/25 0:00,13878325
2015/2/27 0:00,13885875
2015/3/1 0:00,13893000
2015/3/3 0:00,13900600
2015/3/5 0:00,13907375
2015/3/7 0:00,13914850
2015/3/9 0:00,13922050
2015/3/11 0:00,13929975
2015/3/13 0:00,13936775
2015/3/15 0:00,13943800
2015/3/17 0:00,13950650
2015/3/19 0:00,13957750
2015/3/21 0:00,13964850
2015/3/23 0:00,13971975
2015/3/25 0:00,13980300
2015/3/27 0:00,13988325
2015/3/29 0:00,13995850
2015/3/31 0:00,14003125
2015/4/2 0:00,14010350
2015/4/4 0:00,14017975
2015/4/6 0:00,14024975
2015/4/8 0:00,14031925
2015/4/10 0:00,14039050
2015/4/12 0:00,14045875
2015/4/14 0:00,14053350
2015/4/16 0:00,14059875
2015/4/18 0:00,14066550
2015/4/20 0:00,14074100
2015/4/22 0:00,14081650
2015/4/24 0:00,14088100
2015/4/26 0:00,14095675
2015/4/28 0:00,14103050
2015/4/30 0:00,14109600
2015/5/2 0:00,14116950
2015/5/4 0:00,14123700
2015/5/6 0:00,14131125
2015/5/8 0:00,14138850
2015/5/10 0:00,14145225
2015/5/12 0:00,14152900
2015/5/14 0:00,14160450
2015/5/16 0:00,14167775
2015/5/18 0:00,14175525
2015/5/20 0:00,14182475
2015/5/22 0:00,14189850
2015/5/24 0:00,14196375
2015/5/26 0:00,14203350
2015/5/28 0:00,14210275
2015/5/30 0:00,14217300
2015/6/1 0:00,14224400
2015/6/3 0:00,14231600
2015/6/5 0:00,14238700
2015/6/7 0:00,14246900
2015/6/9 0:00,14254475
2015/6/11 0:00,14262300
2015/6/13 0:00,14269650
2015/6/15 0:00,14277025
2015/6/17 0:00,14283650
2015/6/19 0:00,14291525
2015/6/21 0:00,14297925
2015/6/23 0:00,14305200
2015/6/25 0:00,14312975
2015/6/27 0:00,14319875
2015/6/29 0:00,14326975
2015/7/1 0:00,14334175
2015/7/3 0:00,14341725
2015/7/5 0:00,14349225
2015/7/7 0:00,14357175
2015/7/9 0:00,14364475
2015/7/11 0:00,14372000
2015/7/13 0:00,14379075
2015/7/15 0:00,14386400
2015/7/17 0:00,14393400
2015/7/19 0:00,14400975
2015/7/21 0:00,14408075
2015/7/23 0:00,14415475
2015/7/25 0:00,14423500
2015/7/27 0:00,14430825
2015/7/29 0:00,14438100
2015/7/31 0:00,14445000
2015/8/2 0:00,14453025
2015/8/4 0:00,14460300
2015/8/6 0:00,14466950
2015/8/8 0:00,14474425
2015/8/10 0:00,14482175
2015/8/12 0:00,14489475
2015/8/14 0:00,14496550
2015/8/16 0:00,14503575
2015/8/18 0:00,14510800
2015/8/20 0:00,14518475
2015/8/22 0:00,14526150
2015/8/24 0:00,14533500
2015/8/26 0:00,14540825
2015/8/28 0:00,14548275
2015/8/30 0:00,14556000
2015/9/1 0:00,14563775
2015/9/3 0:00,14571400
2015/9/5 0:00,14578975
2015/9/7 0:00,14586350
2015/9/9 0:00,14593350
2015/9/11 0:00,14601900
2015/9/13 0:00,14608800
2015/9/15 0:00,14616850
2015/9/17 0:00,14624100
2015/9/19 0:00,14631000
2015/9/21 0:00,14637300
2015/9/23 0:00,14645050
2015/9/25 0:00,14652725
2015/9/27 0:00,14660125
2015/9/29 0:00,14667925
2015/10/1 0:00,14675650
2015/10/3 0:00,14682575
2015/10/5 0:00,14690050
2015/10/7 0:00,14697150
2015/10/9 0:00,14703900
2015/10/11 0:00,14711375
2015/10/13 0:00,14718225
2015/10/15 0:00,14726100
2015/10/17 0:00,14733250
2015/10/19 0:00,14740975
2015/10/21 0:00,14747775
2015/10/23 0:00,14755550
2015/10/25 0:00,14762900
2015/10/27 0:00,14770650
2015/10/29 0:00,14777750
2015/10/31 0:00,14785650
2015/11/2 0:00,14793250
2015/11/4 0:00,14801075
2015/11/6 0:00,14808225
2015/11/8 0:00,14815800
2015/11/10 0:00,14823050
2015/11/12 0:00,14831125
2015/11/14 0:00,14839100
2015/11/16 0:00,14847125
2015/11/18 0:00,14854650
2015/11/20 0:00,14862125
2015/11/22 0:00,14870925
2015/11/24 0:00,14878725
2015/11/26 0:00,14886625
2015/11/28 0:00,14894000
2015/11/30 0:00,14901675
2015/12/2 0:00,14910150
2015/12/4 0:00,14917400
2015/12/6 0:00,14925900
2015/12/8 0:00,14933650
2015/12/10 0:00,14942975
2015/12/12 0:00,14951525
2015/12/14 0:00,14959650
2015/12/16 0:00,14968675
2015/12/18 0:00,14976650
2015/12/20 0:00,14984750
2015/12/22 0:00,14992125
2015/12/24 0:00,14999975
2015/12/26 0:00,15007975
2015/12/28 0:00,15016875
2015/12/30 0:00,15025000
2016/1/1 0:00,15031975
2016/1/3 0:00,15039125
2016/1/5 0:00,15047575
2016/1/7 0:00,15054575
2016/1/9 0:00,15062925
2016/1/11 0:00,15071425
2016/1/13 0:00,15079650
2016/1/15 0:00,15086025
2016/1/17 0:00,15092975
2016/1/19 0:00,15101075
2016/1/21 0:00,15108075
2016/1/23 0:00,15116675
2016/1/25 0:00,15125150
2016/1/27 0:00,15133100
2016/1/29 0:00,15141050
2016/1/31 0:00,15149950
2016/2/2 0:00,15158450
2016/2/4 0:00,15167425
2016/2/6 0:00,15176700
2016/2/8 0:00,15185275
2016/2/10 0:00,15193725
2016/2/12 0:00,15202500
2016/2/14 0:00,15210825
2016/2/16 0:00,15218250
2016/2/18 0:00,15226250
2016/2/20 0:00,15233675
2016/2/22 0:00,15240075
2016/2/24 0:00,15246525
2016/2/26 0:00,15253900
2016/2/28 0:00,15260900
2016/3/1 0:00,15267475
2016/3/3 0:00,15274725
2016/3/5 0:00,15282500
2016/3/7 0:00,15289850
2016/3/9 0:00,15297325
2016/3/11 0:00,15305425
2016/3/13 0:00,15312325
2016/3/15 0:00,15319900
2016/3/17 0:00,15327525
2016/3/19 0:00,15334350
2016/3/21 0:00,15341275
2016/3/23 0:00,15348775
2016/3/25 0:00,15356175
2016/3/27 0:00,15363675
2016/3/29 0:00,15371475
2016/3/31 0:00,15378575
2016/4/2 0:00,15385750
2016/4/4 0:00,15393525
2016/4/6 0:00,15401125
2016/4/8 0:00,15408300
2016/4/10 0:00,15416700
2016/4/12 0:00,15424275
2016/4/14 0:00,15432325
2016/4/16 0:00,15439525
2016/4/18 0:00,15446725
2016/4/20 0:00,15455525
2016/4/22 0:00,15462875
2016/4/24 0:00,15469775
2016/4/26 0:00,15476725
2016/4/28 0:00,15483325
2016/4/30 0:00,15490925
2016/5/2 0:00,15498725
2016/5/4 0:00,15506675
2016/5/6 0:00,15514600
2016/5/8 0:00,15522500
2016/5/10 0:00,15530775
2016/5/12 0:00,15537575
2016/5/14 0:00,15544975
2016/5/16 0:00,15551975
2016/5/18 0:00,15559325
2016/5/20 0:00,15566050
2016/5/22 0:00,15574175
2016/5/24 0:00,15582350
2016/5/26 0:00,15589175
2016/5/28 0:00,15595975
2016/5/30 0:00,15603250
2016/6/1 0:00,15610000
2016/6/3 0:00,15617000
2016/6/5 0:00,15624225
2016/6/7 0:00,15631975
2016/6/9 0:00,15639700
2016/6/11 0:00,15647200
2016/6/13 0:00,15654875
2016/6/15 0:00,15661975
2016/6/17 0:00,15669425
2016/6/19 0:00,15677800
2016/6/21 0:00,15685625
2016/6/23 0:00,15692350
2016/6/25 0:00,15699625
2016/6/27 0:00,15706950
2016/6/29 0:00,15714300
2016/7/1 0:00,15721925
2016/7/3 0:00,15729500
2016/7/5 0:00,15736900
2016/7/7 0:00,15743825
2016/7/9 0:00,15750587.5
2016/7/11 0:00,15754325
2016/7/13 0:00,15757725
2016/7/15 0:00,15761175
2016/7/17 0:00,15765000
2016/7/19 0:00,15768450
2016/7/21 0:00,15771987.5
2016/7/23 0:00,15775237.5
2016/7/25 0:00,15778425
2016/7/27 0:00,15781637.5
2016/7/29 0:00,15785175
2016/7/31 0:00,15788587.5
2016/8/2 0:00,15792425
2016/8/4 0:00,15796412.5
2016/8/6 0:00,15800600
2016/8/8 0:00,15804300
2016/8/10 0:00,15807737.5
2016/8/12 0:00,15811475
2016/8/14 0:00,15815550
2016/8/16 0:00,15819062.5
2016/8/18 0:00,15822525
2016/8/20 0:00,15826387.5
2016/8/22 0:00,15830400
2016/8/24 0:00,15834137.5
2016/8/26 0:00,15837412.5
2016/8/28 0:00,15841112.5
2016/8/30 0:00,15845025
2016/9/1 0:00,15848450
2016/9/3 0:00,15851937.5
2016/9/5 0:00,15855925
2016/9/7 0:00,15859525
2016/9/9 0:00,15863100
2016/9/11 0:00,15867087.5
2016/9/13 0:00,15871187.5
2016/9/15 0:00,15875062.5
2016/9/17 0:00,15878837.5
2016/9/19 0:00,15882312.5
2016/9/21 0:00,15886275
2016/9/23 0:00,15889737.5
2016/9/25 0:00,15894125
2016/9/27 0:00,15898125
2016/9/29 0:00,15901762.5
2016/10/1 0:00,15905500
2016/10/3 0:00,15909150
2016/10/5 0:00,15913212.5
2016/10/7 0:00,15917012.5
2016/10/9 0:00,15921125
2016/10/11 0:00,15924412.5
2016/10/13 0:00,15927812.5
2016/10/15 0:00,15931287.5
2016/10/17 0:00,15934475
2016/10/19 0:00,15937975
2016/10/21 0:00,15941700
2016/10/23 0:00,15945362.5
2016/10/25 0:00,15948887.5
2016/10/27 0:00,15952637.5
2016/10/29 0:00,15956400
2016/10/31 0:00,15960337.5
2016/11/2 0:00,15963800
2016/11/4 0:00,15967187.5
2016/11/6 0:00,15970937.5
2016/11/8 0:00,15974875
2016/11/10 0:00,15978812.5
2016/11/12 0:00,15982950
2016/11/14 0:00,15986875
2016/11/16 0:00,15990962.5
2016/11/18 0:00,15994800
2016/11/20 0:00,15998175
2016/11/22 0:00,16001587.5
2016/11/24 0:00,16005450
2016/11/26 0:00,16009262.5
2016/11/28 0:00,16013112.5
2016/11/30 0:00,16016750
2016/12/2 0:00,16020362.5
2016/12/4 0:00,16024362.5
2016/12/6 0:00,16028137.5
2016/12/8 0:00,16032275
2016/12/10 0:00,16035612.5
2016/12/12 0:00,16039900
2016/12/14 0:00,16043862.5
2016/12/16 0:00,16047112.5
2016/12/18 0:00,16050675
2016/12/20 0:00,16054287.5
2016/12/22 0:00,16058262.5
2016/12/24 0:00,16061875
2016/12/26 0:00,16065712.5
2016/12/28 0:00,16069712.5
2016/12/30 0:00,16073550
2017/1/1 0:00,16077350
2017/1/3 0:00,16081387.5
2017/1/5 0:00,16085050
2017/1/7 0:00,16088787.5
2017/1/9 0:00,16092575
2017/1/11 0:00,16096487.5
2017/1/13 0:00,16100512.5
2017/1/15 0:00,16104750
2017/1/17 0:00,16108837.5
2017/1/19 0:00,16112887.5
2017/1/21 0:00,16117512.5
2017/1/23 0:00,16121412.5
2017/1/25 0:00,16125137.5
2017/1/27 0:00,16129200
2017/1/29 0:00,16133187.5
2017/1/31 0:00,16136800
2017/2/2 0:00,16141162.5
2017/2/4 0:00,16144825
2017/2/6 0:00,16148375
2017/2/8 0:00,16152087.5
2017/2/10 0:00,16156037.5
2017/2/12 0:00,16159525
2017/2/14 0:00,16163675
2017/2/16 0:00,16167300
2017/2/18 0:00,16171075
2017/2/20 0:00,16174600
2017/2/22 0:00,16178050
2017/2/24 0:00,16181962.5
2017/2/26 0:00,16186275
2017/2/28 0:00,16189987.5
2017/3/2 0:00,16193750
2017/3/4 0:00,16197287.5
2017/3/6 0:00,16200900
2017/3/8 0:00,16204587.5
2017/3/10 0:00,16208387.5
2017/3/12 0:00,16212187.5
2017/3/14 0:00,16215950
2017/3/16 0:00,16219637.5
2017/3/18 0:00,16223525
2017/3/20 0:00,16227287.5
2017/3/22 0:00,16231050
2017/3/24 0:00,16235100
2017/3/26 0:00,16238837.5
2017/3/28 0:00,16242425
2017/3/30 0:00,16246200
2017/4/1 0:00,16249537.5
2017/4/3 0:00,16253712.5
2017/4/5 0:00,16257300
2017/4/7 0:00,16261162.5
2017/4/9 0:00,16264862.5
2017/4/11 0:00,16268787.5
2017/4/13 0:00,16272150
2017/4/15 0:00,16275762.5
2017/4/17 0:00,16279312.5
2017/4/19 0:00,16282925
2017/4/21 0:00,16286737.5
2017/4/23 0:00,16290462.5
2017/4/25 0:00,16293862.5
2017/4/27 0:00,16297612.5
2017/4/29 0:00,16301475